Date/time,C1_Anem NRG 135 Deg-150m;wind_speed;Avg,C1_Anem NRG 135 Deg-150m;wind_speed;Max,C1_Anem NRG 135 Deg-150m;wind_speed;Min,C1_Anem NRG 135 Deg-150m;wind_speed;StdDev,C1_Anem NRG 135 Deg-150m;wind_speed;Count,C2_Anem NRG 315 Deg-150m;wind_speed;Avg,C2_Anem NRG 315 Deg-150m;wind_speed;Max,C2_Anem NRG 315 Deg-150m;wind_speed;Min,C2_Anem NRG 315 Deg-150m;wind_speed;StdDev,C2_Anem NRG 315 Deg-150m;wind_speed;Count,C3_Anem NRG 135 Deg-120m;wind_speed;Avg,C3_Anem NRG 135 Deg-120m;wind_speed;Max,C3_Anem NRG 135 Deg-120m;wind_speed;Min,C3_Anem NRG 135 Deg-120m;wind_speed;StdDev,C3_Anem NRG 135 Deg-120m;wind_speed;Count,C4_Anem NRG 135 Deg-100m;wind_speed;Avg,C4_Anem NRG 135 Deg-100m;wind_speed;Max,C4_Anem NRG 135 Deg-100m;wind_speed;Min,C4_Anem NRG 135 Deg-100m;wind_speed;StdDev,C4_Anem NRG 135 Deg-100m;wind_speed;Count,C5_Anem NRG 135 Deg-80m;wind_speed;Avg,C5_Anem NRG 135 Deg-80m;wind_speed;Max,C5_Anem NRG 135 Deg-80m;wind_speed;Min,C5_Anem NRG 135 Deg-80m;wind_speed;StdDev,C5_Anem NRG 135 Deg-80m;wind_speed;Count,C6_Anem NRG 135 Deg-50m;wind_speed;Avg,C6_Anem NRG 135 Deg-50m;wind_speed;Max,C6_Anem NRG 135 Deg-50m;wind_speed;Min,C6_Anem NRG 135 Deg-50m;wind_speed;StdDev,C6_Anem NRG 135 Deg-50m;wind_speed;Count,Label -C7_Anem NRG 135 Deg-30m;wind_speed;Avg,Label -C7_Anem NRG 135 Deg-30m;wind_speed;Max,Label -C7_Anem NRG 135 Deg-30m;wind_speed;Min,Label -C7_Anem NRG 135 Deg-30m;wind_speed;StdDev,Label -C7_Anem NRG 135 Deg-30m;wind_speed;Count,Label -C8_Anem NRG 135 Deg-10m;wind_speed;Avg,Label -C8_Anem NRG 135 Deg-10m;wind_speed;Max,Label -C8_Anem NRG 135 Deg-10m;wind_speed;Min,Label -C8_Anem NRG 135 Deg-10m;wind_speed;StdDev,Label -C8_Anem NRG 135 Deg-10m;wind_speed;Count,A1_Wind Vane 315 Deg -146m;wind_direction;Avg,A1_Wind Vane 315 Deg -146m;wind_direction;StdDev,A1_Wind Vane 315 Deg -146m;wind_direction;Count,A2_Wind Vane 315 Deg-118m;wind_direction;Avg,A2_Wind Vane 315 Deg-118m;wind_direction;StdDev,A2_Wind Vane 315 Deg-118m;wind_direction;Count,Wind vane 315Deg -98m;wind_direction;Avg,Wind vane 315Deg -98m;wind_direction;StdDev,Wind vane 315Deg -98m;wind_direction;Count,A9Wind Vane315 Deg-48m;wind_direction;Avg,A9Wind Vane315 Deg-48m;wind_direction;StdDev,A9Wind Vane315 Deg-48m;wind_direction;Count,A3.A4_Temp.A and Humidity # Galltec-120m;humidity;Avg,A3.A4_Temp.A and Humidity # Galltec-120m;humidity;Max,A3.A4_Temp.A and Humidity # Galltec-120m;humidity;Min,A3.A4_Temp.A and Humidity # Galltec-120m;humidity;StdDev,A3.A4_Temp.A and Humidity # Galltec-120m;humidity;Count,A5.A6_Temp.B and Humidity # Galltec-10m;humidity;Avg,A5.A6_Temp.B and Humidity # Galltec-10m;humidity;Max,A5.A6_Temp.B and Humidity # Galltec-10m;humidity;Min,A5.A6_Temp.B and Humidity # Galltec-10m;humidity;StdDev,A5.A6_Temp.B and Humidity # Galltec-10m;humidity;Count,A3.A4_Temp.A and Humidity # Galltec-120m;temperature;Avg,A3.A4_Temp.A and Humidity # Galltec-120m;temperature;Max,A3.A4_Temp.A and Humidity # Galltec-120m;temperature;Min,A3.A4_Temp.A and Humidity # Galltec-120m;temperature;StdDev,A3.A4_Temp.A and Humidity # Galltec-120m;temperature;Count,A5.A6_Temp.B and Humidity # Galltec-10m;temperature;Avg,A5.A6_Temp.B and Humidity # Galltec-10m;temperature;Max,A5.A6_Temp.B and Humidity # Galltec-10m;temperature;Min,A5.A6_Temp.B and Humidity # Galltec-10m;temperature;StdDev,A5.A6_Temp.B and Humidity # Galltec-10m;temperature;Count,A7_NRG #BP65-120m;air_pressure;Avg,A7_NRG #BP65-120m;air_pressure;Max,A7_NRG #BP65-120m;air_pressure;Min,A7_NRG #BP65-120m;air_pressure;StdDev,A7_NRG #BP65-120m;air_pressure;Count,A10 NRG BP65 Barometer10m;air_pressure;Avg,A10 NRG BP65 Barometer10m;air_pressure;Max,A10 NRG BP65 Barometer10m;air_pressure;Min,A10 NRG BP65 Barometer10m;air_pressure;StdDev,A10 NRG BP65 Barometer10m;air_pressure;Count,Solar Sensor;solar_irradiance;Avg,Solar Sensor;solar_irradiance;Max,Solar Sensor;solar_irradiance;Min,Solar Sensor;solar_irradiance;StdDev,Solar Sensor;solar_irradiance;Count,A1;Avg,A1;Max,A1;Min,A1;StdDev,A1;Count,A2;Avg,A2;Max,A2;Min,A2;StdDev,A2;Count,A3;Avg,A3;Max,A3;Min,A3;StdDev,A3;Count,A4;Avg,A4;Max,A4;Min,A4;StdDev,A4;Count,A5;Avg,A5;Max,A5;Min,A5;StdDev,A5;Count,A6;Avg,A6;Max,A6;Min,A6;StdDev,A6;Count,A7;Avg,A7;Max,A7;Min,A7;StdDev,A7;Count,A8;Avg,A8;Max,A8;Min,A8;StdDev,A8;Count,A9;Avg,A9;Max,A9;Min,A9;StdDev,A9;Count,A10;Avg,A10;Max,A10;Min,A10;StdDev,A10;Count,A11;Avg,A11;Max,A11;Min,A11;StdDev,A11;Count,C1;Avg,C1;Max,C1;Min,C1;StdDev,C1;Count,C2;Avg,C2;Max,C2;Min,C2;StdDev,C2;Count,C3;Avg,C3;Max,C3;Min,C3;StdDev,C3;Count,C4;Avg,C4;Max,C4;Min,C4;StdDev,C4;Count,C5;Avg,C5;Max,C5;Min,C5;StdDev,C5;Count,C6;Avg,C6;Max,C6;Min,C6;StdDev,C6;Count,C7;Avg,C7;Max,C7;Min,C7;StdDev,C7;Count,C8;Avg,C8;Max,C8;Min,C8;StdDev,C8;Count,V;Avg,V;Max,V;Min,I;Avg,I;Max,I;Min,T;Avg,addr
2026-07-07 00:00:00,9.447,12.5,7.2,0.963,600,9.409,11.7,6.4,0.956,600,8.964,11.8,6.4,1.022,600,8.770,11.8,6.4,1.011,600,8.388,11.0,6.4,0.864,600,7.654,10.3,5.7,0.849,600,6.420,9.5,3.4,1.101,600,4.393,7.2,0.4,1.210,600,207.7355,5.3579,600,205.3773,5.2072,600,207.1333,4.9903,600,204.4701,6.0041,600,83.9883,84.16,83.79,0.0731,600,80.9723,81.27,80.57,0.1655,600,28.47957,28.511,28.451,0.01678,600,28.41539,28.441,28.391,0.01342,600,988.7622,989.92,988.28,0.2496,600,999.4325,999.66,999.17,0.0656,600,1.0106,1.18,0.97,0.0362,600,1.714588,1.8178,1.5919,0.036295,600,1.700409,1.7980,1.5902,0.035221,600,0.5847957,0.58511,0.58451,0.0001678,600,0.839883,0.8416,0.8379,0.000731,600,0.5841539,0.58441,0.58391,0.0001342,600,0.809723,0.8127,0.8057,0.001655,600,2.025546,2.0303,2.0236,0.001024,600,1.713723,1.8087,1.6086,0.033891,600,1.694734,1.8158,1.5620,0.040668,600,2.069295,2.0702,2.0682,0.000269,600,0.0006316,0.00074,0.00060,0.0000226,600,12.00,16,9,1.26,600,11.95,15,8,1.26,600,11.32,15,8,1.35,600,11.08,15,8,1.33,600,10.56,14,8,1.13,600,9.57,13,7,1.12,600,7.99,12,4,1.45,600,5.23,9,0,1.60,600,12.9350,13.00,12.63,31.44,90,20,28.95,345004
2026-07-07 00:10:00,9.259,11.7,7.2,0.949,600,9.285,11.7,7.2,0.934,600,8.733,11.0,6.4,0.902,600,8.427,11.8,6.4,0.845,600,8.014,10.2,5.7,0.861,600,7.479,10.3,5.7,0.840,600,6.661,8.7,3.4,0.906,600,4.800,8.0,0.4,1.179,600,207.6029,4.5116,600,205.8896,4.5166,600,207.2118,4.6548,600,204.1789,5.8740,600,83.7773,83.99,83.55,0.0982,600,80.5941,80.80,80.30,0.1122,600,28.49315,28.515,28.454,0.01616,600,28.45336,28.468,28.421,0.00933,600,988.7481,989.92,988.28,0.2441,600,999.4282,999.66,999.25,0.0722,600,1.0134,1.18,0.97,0.0358,600,1.713696,1.8265,1.5919,0.030566,600,1.703873,1.7919,1.5858,0.030547,600,0.5849315,0.58515,0.58454,0.0001616,600,0.837773,0.8399,0.8355,0.000982,600,0.5845336,0.58468,0.58421,0.0000933,600,0.805941,0.8080,0.8030,0.001122,600,2.025489,2.0303,2.0236,0.001001,600,1.714258,1.8144,1.6261,0.031611,600,1.692776,1.8329,1.5590,0.039791,600,2.069278,2.0702,2.0685,0.000296,600,0.0006334,0.00074,0.00060,0.0000224,600,11.75,15,9,1.25,600,11.78,15,9,1.23,600,11.02,14,8,1.19,600,10.63,15,8,1.11,600,10.07,13,7,1.13,600,9.34,13,7,1.11,600,8.31,11,4,1.20,600,5.77,10,0,1.56,600,12.9001,13.00,12.73,39.34,80,20,29.24,345081
2026-07-07 00:20:00,9.111,11.7,7.2,0.804,600,9.144,11.7,7.2,0.776,600,8.513,11.0,5.7,1.044,600,8.192,11.0,5.7,0.997,600,7.591,10.2,5.7,0.870,600,7.064,9.5,4.9,0.958,600,6.246,9.5,3.4,0.978,600,4.094,8.0,0.4,1.463,600,206.6492,5.0043,600,205.3744,4.9175,600,206.0082,4.9835,600,202.5928,6.9050,600,84.0061,84.63,83.55,0.2899,600,81.0197,81.67,80.33,0.3756,600,28.42505,28.511,28.344,0.05655,600,28.40678,28.471,28.307,0.05255,600,988.7133,989.92,988.28,0.2128,600,999.3964,999.66,999.09,0.0797,600,1.0121,1.18,0.97,0.0365,600,1.707232,1.8037,1.5764,0.033900,600,1.700395,1.8013,1.5895,0.033259,600,0.5842505,0.58511,0.58344,0.0005655,600,0.840061,0.8463,0.8355,0.002899,600,0.5840678,0.58471,0.58307,0.0005255,600,0.810197,0.8167,0.8033,0.003756,600,2.025346,2.0303,2.0236,0.000873,600,1.706084,1.8326,1.5821,0.033858,600,1.682039,1.8597,1.5324,0.046803,600,2.069147,2.0702,2.0679,0.000327,600,0.0006326,0.00074,0.00060,0.0000228,600,11.56,15,9,1.06,600,11.60,15,9,1.02,600,10.72,14,7,1.37,600,10.33,14,7,1.31,600,9.52,13,7,1.14,600,8.79,12,6,1.26,600,7.76,12,4,1.29,600,4.84,10,0,1.94,600,12.9504,13.03,12.87,22.00,25,18,29.00,345158
2026-07-07 00:30:00,8.996,11.0,6.4,0.773,600,9.048,11.0,6.4,0.789,600,8.201,10.2,5.7,0.831,600,7.780,10.2,5.7,0.769,600,7.197,9.5,5.7,0.769,600,6.433,8.7,4.2,0.856,600,5.580,7.9,2.6,0.927,600,3.552,6.5,0.4,1.542,600,206.6076,4.5856,600,204.2328,4.6514,600,206.0473,4.8384,600,203.2296,5.6278,600,84.6870,84.86,84.43,0.1041,600,82.0170,82.35,81.61,0.1895,600,28.32743,28.354,28.310,0.00877,600,28.25245,28.317,28.209,0.02925,600,988.7329,990.00,988.36,0.2617,600,999.3664,999.58,999.17,0.0719,600,1.0092,1.18,0.97,0.0386,600,1.706959,1.8121,1.6110,0.031061,600,1.692686,1.7936,1.5962,0.031459,600,0.5832743,0.58354,0.58310,0.0000877,600,0.846870,0.8486,0.8443,0.001041,600,0.5825245,0.58317,0.58209,0.0002925,600,0.820170,0.8235,0.8161,0.001895,600,2.025426,2.0306,2.0239,0.001073,600,1.706366,1.8141,1.6056,0.032858,600,1.686365,1.8178,1.5539,0.038121,600,2.069024,2.0699,2.0682,0.000295,600,0.0006308,0.00074,0.00060,0.0000241,600,11.41,14,8,1.01,600,11.47,14,8,1.04,600,10.31,13,7,1.09,600,9.79,13,7,1.01,600,9.00,12,7,1.01,600,7.96,11,5,1.13,600,6.88,10,3,1.22,600,4.12,8,0,2.04,600,12.9514,13.00,12.90,22.10,24,20,28.99,345235
2026-07-07 00:40:00,9.437,11.7,7.2,0.723,600,9.504,11.0,7.2,0.690,600,8.659,10.2,7.2,0.692,600,8.124,10.2,4.9,0.799,600,7.397,9.5,4.1,0.930,600,6.292,8.0,3.4,0.996,600,5.051,7.9,2.6,1.014,600,2.817,6.5,0.4,1.685,600,202.0876,4.0652,600,200.5939,4.7563,600,201.2409,5.7622,600,199.0327,8.2704,600,84.8794,85.06,84.76,0.0523,600,82.3095,82.68,82.08,0.1548,600,28.31878,28.330,28.303,0.00611,600,28.21712,28.233,28.203,0.00686,600,988.7334,989.92,988.36,0.1913,600,999.3798,999.58,999.25,0.0686,600,1.0099,1.18,0.97,0.0359,600,1.676381,1.7715,1.5657,0.027535,600,1.668098,1.7469,1.5392,0.032170,600,0.5831878,0.58330,0.58303,0.0000611,600,0.848794,0.8506,0.8476,0.000523,600,0.5821712,0.58233,0.58203,0.0000686,600,0.823095,0.8268,0.8208,0.001548,600,2.025428,2.0303,2.0239,0.000784,600,1.673727,1.7735,1.4965,0.039152,600,1.657941,1.8114,1.4586,0.056045,600,2.069079,2.0699,2.0685,0.000281,600,0.0006312,0.00074,0.00060,0.0000224,600,11.99,15,9,0.95,600,12.07,14,9,0.91,600,10.92,13,9,0.91,600,10.24,13,6,1.05,600,9.27,12,5,1.22,600,7.78,10,4,1.31,600,6.18,10,3,1.34,600,3.15,8,0,2.23,600,12.9497,13.11,12.84,22.12,25,20,28.98,345312
2026-07-07 00:50:00,9.645,11.7,7.2,0.838,600,9.716,12.5,7.2,0.812,600,9.025,11.8,6.4,0.854,600,8.547,11.0,5.7,0.915,600,7.883,11.0,5.7,0.845,600,6.904,9.5,4.9,0.859,600,5.499,7.9,3.4,0.891,600,2.929,5.7,0.4,1.550,600,201.9628,4.5343,600,199.7218,4.7723,600,200.2877,5.5561,600,195.6995,5.9249,600,84.7319,85.06,84.36,0.2059,600,82.8140,83.08,82.38,0.2003,600,28.35706,28.404,28.300,0.03232,600,28.18856,28.209,28.172,0.01008,600,988.7445,990.00,988.28,0.2636,600,999.3672,999.58,999.25,0.0647,600,1.0082,1.18,0.97,0.0360,600,1.675546,1.7698,1.5939,0.030712,600,1.662214,1.7547,1.5257,0.032278,600,0.5835706,0.58404,0.58300,0.0003232,600,0.847319,0.8506,0.8436,0.002059,600,0.5818856,0.58209,0.58172,0.0001008,600,0.828140,0.8308,0.8238,0.002003,600,2.025474,2.0306,2.0236,0.001081,600,1.667308,1.7879,1.5522,0.037738,600,1.635449,1.7983,1.5099,0.040128,600,2.069028,2.0699,2.0685,0.000265,600,0.0006302,0.00074,0.00060,0.0000225,600,12.26,15,9,1.10,600,12.35,16,9,1.07,600,11.40,15,8,1.12,600,10.79,14,7,1.20,600,9.90,14,7,1.11,600,8.58,12,6,1.13,600,6.78,10,4,1.17,600,3.29,7,0,2.05,600,12.9473,13.00,12.89,22.08,25,20,28.96,345389
2026-07-07 01:00:00,9.064,11.7,7.2,0.788,600,9.153,11.0,7.2,0.757,600,8.447,10.2,6.4,0.738,600,8.155,10.2,5.7,0.739,600,7.684,9.5,5.7,0.804,600,6.784,9.5,4.2,0.874,600,5.546,7.9,2.6,1.058,600,2.822,7.2,0.4,1.695,600,202.6496,3.9319,600,199.7732,4.4046,600,200.4095,4.6078,600,195.8418,5.9642,600,84.3931,84.53,84.23,0.0622,600,82.2463,82.51,81.91,0.1606,600,28.39502,28.407,28.384,0.00487,600,28.22973,28.263,28.203,0.01183,600,988.7360,990.00,988.36,0.2018,600,999.3812,999.58,999.25,0.0621,600,1.0070,1.18,0.97,0.0350,600,1.680187,1.7711,1.5996,0.026630,600,1.662566,1.7594,1.5556,0.029790,600,0.5839502,0.58407,0.58384,0.0000487,600,0.843931,0.8453,0.8423,0.000622,600,0.5822973,0.58263,0.58203,0.0001183,600,0.822463,0.8251,0.8191,0.001606,600,2.025439,2.0306,2.0239,0.000828,600,1.668126,1.7701,1.5304,0.031296,600,1.636418,1.7983,1.5063,0.040400,600,2.069085,2.0699,2.0685,0.000254,600,0.0006294,0.00074,0.00060,0.0000219,600,11.50,15,9,1.04,600,11.61,14,9,1.00,600,10.64,13,8,0.97,600,10.28,13,7,0.97,600,9.64,12,7,1.05,600,8.42,12,5,1.15,600,6.84,10,3,1.40,600,3.15,9,0,2.25,600,12.9441,13.00,12.89,22.12,26,20,28.93,345466
2026-07-07 01:10:00,9.097,11.0,7.2,0.724,600,9.180,11.0,7.2,0.741,600,8.596,11.0,6.4,0.752,600,8.092,9.5,5.7,0.800,600,7.500,9.5,4.9,0.731,600,6.618,8.7,4.2,0.704,600,5.338,7.9,2.6,0.920,600,3.199,7.2,0.4,1.686,600,202.7240,4.2549,600,199.3352,5.1951,600,200.3505,4.9298,600,195.9712,6.0589,600,84.0350,84.29,83.86,0.1001,600,81.9735,82.14,81.71,0.0926,600,28.43056,28.451,28.401,0.00914,600,28.25906,28.270,28.246,0.00458,600,988.7623,990.08,988.36,0.2610,600,999.3704,999.58,999.17,0.0669,600,1.0073,1.18,0.97,0.0359,600,1.680685,1.7741,1.5694,0.028820,600,1.659597,1.7627,1.5294,0.035142,600,0.5843056,0.58451,0.58401,0.0000914,600,0.840350,0.8429,0.8386,0.001001,600,0.5825906,0.58270,0.58246,0.0000458,600,0.819735,0.8214,0.8171,0.000926,600,2.025547,2.0309,2.0239,0.001070,600,1.667736,1.7859,1.5818,0.033480,600,1.637300,1.8141,1.5076,0.041056,600,2.069040,2.0699,2.0682,0.000274,600,0.0006295,0.00074,0.00060,0.0000224,600,11.54,14,9,0.95,600,11.64,14,9,0.98,600,10.83,14,8,0.99,600,10.20,12,7,1.05,600,9.40,12,6,0.96,600,8.21,11,5,0.93,600,6.56,10,3,1.21,600,3.65,9,0,2.23,600,12.9434,12.99,12.88,22.06,25,18,28.90,345545
2026-07-07 01:20:00,8.572,11.0,6.4,0.816,600,8.602,11.0,6.4,0.836,600,7.891,10.2,5.7,0.816,600,7.531,9.5,4.9,0.776,600,7.041,8.7,4.9,0.839,600,6.298,9.5,4.2,0.887,600,5.233,7.9,0.4,1.042,600,2.856,6.5,0.4,1.766,600,206.0862,5.0053,600,203.4421,4.8322,600,204.4755,4.6720,600,200.0378,6.9312,600,83.9619,84.12,83.79,0.0792,600,81.6712,82.01,81.14,0.2434,600,28.43880,28.474,28.417,0.01339,600,28.27598,28.317,28.253,0.01745,600,988.8498,990.08,988.44,0.2459,600,999.4883,999.74,999.33,0.0654,600,1.0098,1.18,0.97,0.0374,600,1.703432,1.8127,1.5888,0.033904,600,1.687336,1.7617,1.5945,0.032680,600,0.5843880,0.58474,0.58417,0.0001339,600,0.839619,0.8412,0.8379,0.000792,600,0.5827598,0.58317,0.58253,0.0001745,600,0.816712,0.8201,0.8114,0.002434,600,2.025906,2.0309,2.0242,0.001008,600,1.695701,1.8010,1.5841,0.031725,600,1.664771,1.8084,1.5136,0.046952,600,2.069524,2.0706,2.0689,0.000268,600,0.0006311,0.00074,0.00060,0.0000234,600,10.85,14,8,1.07,600,10.88,14,8,1.10,600,9.90,13,7,1.07,600,9.46,12,6,1.02,600,8.80,11,6,1.10,600,7.78,12,5,1.17,600,6.42,10,0,1.37,600,3.20,8,0,2.34,600,12.9418,13.00,12.89,22.09,27,20,28.83,345622
2026-07-07 01:30:00,8.376,11.0,6.4,0.878,600,8.453,11.0,6.4,0.890,600,7.749,9.5,5.7,0.742,600,7.518,9.5,5.7,0.716,600,7.237,8.7,4.9,0.666,600,6.493,8.7,4.2,0.840,600,5.657,7.9,3.4,0.816,600,3.665,5.7,0.4,1.215,600,206.1988,4.4615,600,204.1974,4.6834,600,204.7618,5.0825,600,202.2133,6.2357,600,83.8134,83.89,83.69,0.0427,600,80.9706,81.27,80.77,0.1300,600,28.44595,28.474,28.427,0.01245,600,28.35939,28.384,28.313,0.01795,600,988.7296,989.92,988.36,0.2018,600,999.3966,999.58,999.17,0.0803,600,1.0093,1.18,0.97,0.0343,600,1.704189,1.8084,1.6063,0.030221,600,1.692450,1.7869,1.5905,0.031675,600,0.5844595,0.58474,0.58427,0.0001245,600,0.838134,0.8389,0.8369,0.000427,600,0.5835939,0.58384,0.58313,0.0001795,600,0.809706,0.8127,0.8077,0.001300,600,2.025413,2.0303,2.0239,0.000827,600,1.697649,1.7966,1.5942,0.034517,600,1.679527,1.8500,1.5388,0.042255,600,2.069148,2.0699,2.0682,0.000329,600,0.0006308,0.00074,0.00060,0.0000215,600,10.59,14,8,1.15,600,10.69,14,8,1.17,600,9.72,12,7,0.98,600,9.44,12,7,0.94,600,9.05,11,6,0.87,600,8.04,11,5,1.11,600,6.98,10,4,1.08,600,4.27,7,0,1.61,600,12.9408,13.00,12.84,21.98,24,20,28.75,345699
2026-07-07 01:40:00,8.678,11.0,7.2,0.653,600,8.721,10.2,7.2,0.664,600,7.937,9.5,6.4,0.615,600,7.662,9.5,5.7,0.612,600,7.141,8.7,5.7,0.651,600,6.537,8.0,4.9,0.668,600,5.616,8.7,3.4,0.817,600,3.300,6.5,0.4,1.596,600,203.8325,3.9420,600,200.4541,3.7714,600,201.4490,3.6312,600,198.1028,5.0961,600,83.6285,83.82,83.35,0.1001,600,81.2636,81.47,81.00,0.1218,600,28.45157,28.491,28.431,0.01291,600,28.33415,28.377,28.307,0.02131,600,988.6484,989.83,988.36,0.2600,600,999.2536,999.49,999.09,0.0570,600,1.0108,1.18,0.97,0.0371,600,1.688190,1.7594,1.6204,0.026695,600,1.667164,1.7456,1.5700,0.025503,600,0.5845157,0.58491,0.58431,0.0001291,600,0.836285,0.8382,0.8335,0.001001,600,0.5833415,0.58377,0.58307,0.0002131,600,0.812636,0.8147,0.8100,0.001218,600,2.025080,2.0299,2.0239,0.001066,600,1.675178,1.7641,1.5825,0.024657,600,1.651720,1.8433,1.5355,0.034530,600,2.068562,2.0695,2.0679,0.000234,600,0.0006317,0.00074,0.00060,0.0000232,600,10.99,14,9,0.86,600,11.04,13,9,0.88,600,9.97,12,8,0.81,600,9.63,12,7,0.80,600,8.93,11,7,0.85,600,8.10,10,6,0.88,600,6.93,11,4,1.08,600,3.79,8,0,2.11,600,12.9390,12.99,12.89,22.03,25,20,28.81,345776
2026-07-07 01:50:00,8.986,11.0,7.2,0.873,600,9.091,11.7,6.4,0.845,600,8.361,11.0,6.4,0.896,600,8.004,10.2,5.7,0.866,600,7.535,10.2,5.7,0.695,600,6.876,8.7,4.9,0.666,600,5.781,7.9,3.4,0.772,600,3.548,7.2,0.4,1.339,600,203.9161,4.6608,600,201.4951,4.5352,600,201.8775,4.6942,600,197.4704,5.4349,600,83.3762,83.62,83.15,0.1048,600,81.3954,81.77,81.07,0.1759,600,28.45163,28.491,28.404,0.03188,600,28.29378,28.327,28.223,0.02816,600,988.5398,989.75,988.11,0.1961,600,999.2053,999.33,999.00,0.0539,600,1.0080,1.18,0.97,0.0382,600,1.688749,1.7721,1.5992,0.031568,600,1.674191,1.7735,1.5697,0.030672,600,0.5845163,0.58491,0.58404,0.0003188,600,0.833762,0.8362,0.8315,0.001048,600,0.5829378,0.58327,0.58223,0.0002816,600,0.813954,0.8177,0.8107,0.001759,600,2.024634,2.0296,2.0229,0.000804,600,1.678094,1.8010,1.5694,0.031884,600,1.647433,1.7748,1.5126,0.036811,600,2.068363,2.0689,2.0675,0.000221,600,0.0006300,0.00074,0.00060,0.0000239,600,11.39,14,9,1.15,600,11.53,15,8,1.11,600,10.53,14,8,1.18,600,10.08,13,7,1.14,600,9.45,13,7,0.91,600,8.54,11,6,0.88,600,7.15,10,4,1.02,600,4.12,9,0,1.77,600,12.9382,13.08,12.83,22.05,25,20,28.83,345853
2026-07-07 02:00:00,8.826,11.0,7.2,0.764,600,8.883,11.7,7.2,0.770,600,8.212,11.0,6.4,0.716,600,7.883,10.2,5.7,0.752,600,7.341,9.5,4.9,0.785,600,6.579,8.7,4.9,0.749,600,5.417,7.9,3.4,0.846,600,3.192,5.7,0.4,1.374,600,204.2135,4.1109,600,201.3344,4.1599,600,202.4275,4.0803,600,198.8690,5.5336,600,83.2569,83.62,82.95,0.1747,600,81.8139,82.08,81.44,0.1292,600,28.45238,28.481,28.407,0.02087,600,28.18561,28.226,28.152,0.01501,600,988.4841,989.67,988.11,0.2566,600,999.1151,999.41,998.84,0.0851,600,1.0048,1.18,0.97,0.0373,600,1.690759,1.7674,1.6039,0.027842,600,1.673104,1.7412,1.5496,0.028135,600,0.5845238,0.58481,0.58407,0.0002087,600,0.832569,0.8362,0.8295,0.001747,600,0.5818561,0.58226,0.58152,0.0001501,600,0.818139,0.8208,0.8144,0.001292,600,2.024406,2.0293,2.0229,0.001052,600,1.681806,1.7617,1.5694,0.027710,600,1.656886,1.7785,1.5472,0.037471,600,2.067994,2.0692,2.0669,0.000349,600,0.0006280,0.00074,0.00060,0.0000233,600,11.19,14,9,1.00,600,11.25,15,9,1.02,600,10.33,14,8,0.94,600,9.92,13,7,0.99,600,9.19,12,6,1.03,600,8.15,11,6,0.99,600,6.67,10,4,1.12,600,3.64,7,0,1.82,600,12.9356,13.05,12.89,22.09,27,19,28.75,345930
2026-07-07 02:10:00,8.324,11.0,6.4,0.821,600,8.438,11.0,6.4,0.849,600,7.720,10.2,5.7,0.868,600,7.461,10.2,5.7,0.891,600,6.946,9.5,4.9,0.858,600,6.411,9.5,4.2,0.964,600,5.545,8.7,3.4,1.063,600,2.897,6.5,0.4,1.794,600,206.4279,5.3909,600,204.0477,5.3976,600,204.4595,5.2864,600,200.9745,5.7774,600,83.0004,83.29,82.85,0.0755,600,82.0130,82.41,81.27,0.2633,600,28.45170,28.491,28.411,0.02525,600,28.10561,28.156,28.031,0.04225,600,988.3667,989.67,987.95,0.2464,600,999.0242,999.25,998.84,0.0714,600,1.0023,1.18,0.97,0.0389,600,1.705749,1.8027,1.5972,0.036516,600,1.691446,1.7909,1.5882,0.036509,600,0.5845170,0.58491,0.58411,0.0002525,600,0.830004,0.8329,0.8285,0.000755,600,0.5810561,0.58156,0.58031,0.0004225,600,0.820130,0.8241,0.8127,0.002633,600,2.023925,2.0293,2.0222,0.001010,600,1.695622,1.8272,1.6117,0.035908,600,1.671128,1.8067,1.5153,0.039145,600,2.067621,2.0685,2.0669,0.000293,600,0.0006265,0.00074,0.00060,0.0000243,600,10.53,14,8,1.08,600,10.67,14,8,1.12,600,9.68,13,7,1.14,600,9.37,13,7,1.17,600,8.67,12,6,1.12,600,7.93,12,5,1.27,600,6.83,11,4,1.40,600,3.25,8,0,2.38,600,12.9340,12.98,12.88,22.06,24,20,28.52,346007
2026-07-07 02:20:00,8.892,11.7,6.4,0.929,600,8.931,11.7,6.4,0.890,600,8.302,11.0,6.4,0.776,600,7.952,10.2,5.7,0.835,600,7.285,9.5,4.9,0.852,600,6.614,8.7,4.9,0.704,600,5.537,8.7,3.4,0.795,600,2.959,6.5,0.4,1.678,600,206.4836,4.8841,600,204.9684,5.2947,600,205.7590,5.4393,600,202.1032,5.6998,600,82.2024,82.98,81.10,0.4955,600,81.5189,82.04,80.36,0.3941,600,28.56942,28.696,28.484,0.06223,600,28.13901,28.233,28.062,0.04238,600,988.3430,989.51,988.11,0.1655,600,999.0175,999.17,998.76,0.0697,600,1.0034,1.24,0.97,0.0383,600,1.706114,1.8507,1.5670,0.033091,600,1.697660,1.8168,1.5838,0.035813,600,0.5856942,0.58696,0.58484,0.0006223,600,0.822024,0.8298,0.8110,0.004955,600,0.5813901,0.58233,0.58062,0.0004238,600,0.815189,0.8204,0.8036,0.003941,600,2.023828,2.0286,2.0229,0.000679,600,1.704427,1.8339,1.5862,0.036946,600,1.678749,1.8524,1.4992,0.038619,600,2.067594,2.0682,2.0665,0.000286,600,0.0006271,0.00077,0.00060,0.0000239,600,11.27,15,8,1.22,600,11.32,15,8,1.17,600,10.45,14,8,1.02,600,10.01,13,7,1.09,600,9.12,12,6,1.12,600,8.20,11,6,0.93,600,6.83,11,4,1.05,600,3.33,8,0,2.22,600,12.9341,13.05,12.88,22.10,25,20,28.27,346083
2026-07-07 02:30:00,9.514,12.5,7.2,1.039,600,9.571,12.5,7.2,1.051,600,8.808,12.5,7.2,0.921,600,8.595,11.0,6.4,0.876,600,8.078,11.0,6.4,0.798,600,7.450,10.3,5.7,0.765,600,6.460,8.7,3.4,0.870,600,3.942,7.2,0.4,1.520,600,204.8224,5.5933,600,202.9202,5.3137,600,203.9739,5.4988,600,200.1359,5.4736,600,80.4928,81.27,80.00,0.3172,600,79.5952,80.63,78.96,0.4777,600,28.78709,28.824,28.696,0.03124,600,28.38800,28.505,28.229,0.08354,600,988.4142,989.67,987.95,0.2567,600,999.0612,999.25,998.84,0.0705,600,1.0094,1.18,0.97,0.0380,600,1.694882,1.8060,1.5821,0.037889,600,1.683830,1.7973,1.5919,0.035942,600,0.5878709,0.58824,0.58696,0.0003124,600,0.804928,0.8127,0.8000,0.003172,600,0.5838800,0.58505,0.58229,0.0008354,600,0.795952,0.8063,0.7896,0.004777,600,2.024120,2.0293,2.0222,0.001053,600,1.692315,1.8185,1.5838,0.037347,600,1.665444,1.7785,1.5304,0.037074,600,2.067773,2.0685,2.0669,0.000289,600,0.0006309,0.00074,0.00060,0.0000238,600,12.09,16,9,1.37,600,12.16,16,9,1.39,600,11.11,16,9,1.21,600,10.86,14,8,1.15,600,10.16,14,8,1.05,600,9.30,13,7,1.01,600,8.04,11,4,1.15,600,4.64,9,0,2.01,600,12.9327,13.11,12.88,22.06,24,20,28.10,346160
2026-07-07 02:40:00,10.420,13.3,7.9,1.309,600,10.510,14.0,7.2,1.337,600,9.653,12.5,6.4,1.145,600,9.270,12.5,7.2,1.080,600,8.628,11.8,6.4,0.930,600,7.700,11.8,4.9,1.056,600,6.537,9.5,4.2,1.177,600,4.188,8.0,0.4,1.479,600,205.1961,5.9894,600,203.8927,5.4945,600,204.5904,5.3704,600,201.1409,6.6147,600,79.7718,80.13,79.32,0.2050,600,78.4713,78.99,77.58,0.2948,600,28.84931,28.897,28.820,0.01818,600,28.56010,28.619,28.501,0.03068,600,988.3304,989.59,987.70,0.2451,600,999.0077,999.17,998.76,0.0799,600,1.0111,1.18,0.97,0.0340,600,1.697395,1.8000,1.5398,0.040587,600,1.690391,1.7886,1.5788,0.037162,600,0.5884931,0.58897,0.58820,0.0001818,600,0.797718,0.8013,0.7932,0.002050,600,0.5856010,0.58619,0.58501,0.0003068,600,0.784713,0.7899,0.7758,0.002948,600,2.023776,2.0289,2.0212,0.001005,600,1.696495,1.8164,1.5935,0.036477,600,1.672213,1.8195,1.5120,0.044812,600,2.067553,2.0682,2.0665,0.000328,600,0.0006319,0.00074,0.00060,0.0000213,600,13.28,17,10,1.72,600,13.40,18,9,1.76,600,12.23,16,8,1.51,600,11.74,16,9,1.42,600,10.88,15,8,1.22,600,9.63,15,6,1.39,600,8.14,12,5,1.55,600,4.96,10,0,1.96,600,12.9330,13.12,12.86,22.04,26,18,28.19,346237
2026-07-07 02:50:00,11.625,16.3,9.4,1.073,600,11.618,15.5,9.4,1.088,600,11.190,14.8,8.7,1.095,600,10.953,14.8,7.9,1.083,600,10.316,13.3,8.0,1.049,600,9.263,12.5,5.7,1.170,600,7.844,11.0,4.2,1.220,600,4.987,8.7,0.4,1.278,600,207.1826,4.8431,600,204.8674,5.1516,600,205.9598,5.4083,600,203.6605,6.4166,600,79.0025,79.46,78.75,0.1879,600,77.1644,77.75,76.71,0.2956,600,28.94709,28.975,28.894,0.02245,600,28.71784,28.783,28.615,0.05254,600,988.3120,989.51,987.79,0.2742,600,998.9884,999.25,998.76,0.0831,600,1.0141,1.18,0.97,0.0352,600,1.710859,1.8117,1.6295,0.032807,600,1.696983,1.8221,1.6147,0.034846,600,0.5894709,0.58975,0.58894,0.0002245,600,0.790025,0.7946,0.7875,0.001879,600,0.5871784,0.58783,0.58615,0.0005254,600,0.771644,0.7775,0.7671,0.002956,600,2.023701,2.0286,2.0215,0.001124,600,1.705801,1.8470,1.6174,0.036738,600,1.689299,1.8732,1.5217,0.043483,600,2.067474,2.0685,2.0665,0.000341,600,0.0006338,0.00074,0.00060,0.0000220,600,14.86,21,12,1.41,600,14.86,20,12,1.43,600,14.25,19,11,1.44,600,13.95,19,10,1.42,600,13.09,17,10,1.38,600,11.70,16,7,1.54,600,9.87,14,5,1.61,600,6.02,11,0,1.69,600,12.9303,13.02,12.88,22.09,27,19,28.49,346314
2026-07-07 03:00:00,10.580,13.3,7.9,0.994,600,10.647,13.2,8.7,0.959,600,9.994,13.3,8.0,0.973,600,9.743,12.5,6.4,1.000,600,9.159,12.5,5.7,1.117,600,8.290,11.8,3.4,1.214,600,7.041,10.2,3.4,1.248,600,4.729,8.0,0.4,1.296,600,205.7545,4.9555,600,203.6065,4.8476,600,204.6577,5.1331,600,202.4525,6.5977,600,79.2442,79.69,78.79,0.2303,600,77.2509,77.81,76.84,0.2620,600,28.89343,28.958,28.844,0.03237,600,28.73927,28.777,28.672,0.02703,600,988.3240,989.51,987.87,0.2623,600,998.9373,999.17,998.68,0.0763,600,1.0129,1.18,0.97,0.0343,600,1.701176,1.7819,1.5979,0.033567,600,1.688449,1.7876,1.5737,0.032788,600,0.5889343,0.58958,0.58844,0.0003237,600,0.792442,0.7969,0.7879,0.002303,600,0.5873927,0.58777,0.58672,0.0002703,600,0.772509,0.7781,0.7684,0.002620,600,2.023750,2.0286,2.0219,0.001075,600,1.696926,1.7976,1.5882,0.034860,600,1.681057,1.8406,1.4566,0.044733,600,2.067265,2.0682,2.0662,0.000313,600,0.0006331,0.00074,0.00060,0.0000215,600,13.49,17,10,1.30,600,13.58,17,11,1.26,600,12.68,17,10,1.28,600,12.36,16,8,1.31,600,11.58,16,7,1.47,600,10.41,15,4,1.60,600,8.81,13,4,1.65,600,5.68,10,0,1.72,600,12.9295,12.98,12.88,22.07,24,19,28.82,346391
2026-07-07 03:10:00,9.956,13.3,7.9,0.991,600,10.000,13.2,7.9,0.974,600,9.256,12.5,7.2,0.905,600,8.899,12.5,6.4,0.918,600,8.310,11.0,6.4,0.873,600,7.383,9.5,4.9,1.018,600,6.037,9.5,3.4,1.115,600,3.640,7.2,0.4,1.458,600,204.3201,4.6003,600,201.8164,4.6987,600,202.1217,4.6330,600,196.8168,6.0968,600,80.6229,82.48,79.56,0.8502,600,79.4239,82.45,77.85,1.4066,600,28.73099,28.847,28.558,0.08969,600,28.56946,28.679,28.384,0.08036,600,988.3255,989.51,987.95,0.2017,600,998.9620,999.25,998.84,0.0736,600,1.0113,1.18,0.97,0.0356,600,1.691487,1.7889,1.5942,0.031160,600,1.676377,1.7762,1.5902,0.031780,600,0.5873099,0.58847,0.58558,0.0008969,600,0.806229,0.8248,0.7956,0.008502,600,0.5856946,0.58679,0.58384,0.0008036,600,0.794239,0.8245,0.7785,0.014066,600,2.023756,2.0286,2.0222,0.000827,600,1.679751,1.7903,1.5888,0.031463,600,1.642978,1.7614,1.4955,0.041302,600,2.067366,2.0685,2.0669,0.000302,600,0.0006321,0.00074,0.00060,0.0000223,600,12.67,17,10,1.30,600,12.73,17,10,1.28,600,11.70,16,9,1.19,600,11.25,16,8,1.20,600,10.46,14,8,1.14,600,9.21,12,6,1.34,600,7.48,12,4,1.47,600,4.24,9,0,1.93,600,12.9292,12.98,12.88,22.10,25,19,28.94,346468
2026-07-07 03:20:00,10.854,13.3,7.9,0.901,600,10.869,13.2,7.9,0.911,600,10.138,12.5,8.0,0.790,600,9.761,12.5,7.9,0.779,600,9.138,11.8,7.2,0.637,600,8.188,10.3,5.7,0.738,600,6.732,9.5,4.2,0.834,600,4.117,7.2,0.4,1.338,600,206.0284,4.3907,600,203.0616,4.4610,600,203.1204,4.4283,600,195.7577,4.9000,600,82.9624,83.69,82.14,0.3794,600,84.5120,85.97,82.45,1.0120,600,28.50178,28.562,28.464,0.02212,600,28.14283,28.391,27.968,0.12209,600,988.4010,989.67,987.95,0.2686,600,999.0687,999.33,998.84,0.0753,600,1.0103,1.18,0.97,0.0353,600,1.703036,1.7869,1.5724,0.029745,600,1.684780,1.7913,1.5851,0.030172,600,0.5850178,0.58562,0.58464,0.0002212,600,0.829624,0.8369,0.8214,0.003794,600,0.5814283,0.58391,0.57968,0.0012209,600,0.845120,0.8597,0.8245,0.010120,600,2.024065,2.0293,2.0222,0.001101,600,1.686525,1.8121,1.5905,0.030074,600,1.635831,1.7416,1.4982,0.033191,600,2.067803,2.0689,2.0669,0.000309,600,0.0006314,0.00074,0.00060,0.0000220,600,13.85,17,10,1.18,600,13.87,17,10,1.20,600,12.87,16,10,1.04,600,12.38,16,10,1.02,600,11.55,15,9,0.84,600,10.28,13,7,0.97,600,8.40,12,5,1.10,600,4.87,9,0,1.77,600,12.9286,12.99,12.88,22.08,24,20,28.98,346547
2026-07-07 03:30:00,10.131,12.5,7.9,0.914,600,10.204,12.5,7.9,0.923,600,9.378,11.8,8.0,0.813,600,9.312,11.0,7.2,0.648,600,8.883,11.0,7.2,0.605,600,8.291,10.3,6.5,0.584,600,7.077,9.5,4.2,0.842,600,4.443,7.2,0.4,1.212,600,205.5330,4.5791,600,202.3366,4.8402,600,201.4681,4.2816,600,194.5390,4.1218,600,83.8168,85.00,83.05,0.5144,600,86.3454,86.71,85.97,0.2108,600,28.46047,28.518,28.347,0.05537,600,27.90610,27.971,27.863,0.02527,600,988.4002,989.67,988.03,0.2022,600,999.0975,999.33,998.92,0.0710,600,1.0057,1.18,0.97,0.0370,600,1.699707,1.8007,1.6231,0.031017,600,1.679897,1.7852,1.5945,0.032739,600,0.5846047,0.58518,0.58347,0.0005537,600,0.838168,0.8500,0.8305,0.005144,600,0.5790610,0.57971,0.57863,0.0002527,600,0.863454,0.8671,0.8597,0.002108,600,2.024062,2.0293,2.0226,0.000829,600,1.675311,1.7543,1.5966,0.029071,600,1.627603,1.7194,1.5298,0.027909,600,2.067921,2.0689,2.0672,0.000291,600,0.0006285,0.00074,0.00060,0.0000231,600,12.90,16,10,1.20,600,12.99,16,10,1.22,600,11.86,15,10,1.07,600,11.79,14,9,0.85,600,11.21,14,9,0.79,600,10.41,13,8,0.77,600,8.86,12,5,1.11,600,5.30,9,0,1.61,600,12.9293,13.00,12.82,22.04,24,20,28.95,346624
2026-07-07 03:40:00,10.527,12.5,8.7,0.698,600,10.605,12.5,8.7,0.679,600,9.960,11.8,8.0,0.642,600,9.633,11.0,7.9,0.637,600,8.956,11.0,7.2,0.688,600,7.733,9.5,4.9,0.809,600,6.369,8.7,3.4,1.036,600,4.186,7.2,0.4,1.177,600,202.9835,3.2827,600,198.8906,3.2702,600,198.6066,3.2264,600,197.0093,5.4115,600,86.3605,87.65,84.73,0.8144,600,87.0252,87.35,86.68,0.2096,600,28.20112,28.354,28.078,0.09124,600,27.83331,27.870,27.796,0.02111,600,988.4549,989.75,987.95,0.2510,600,999.0778,999.33,998.76,0.0752,600,1.0074,1.18,0.97,0.0379,600,1.682448,1.7587,1.6096,0.022231,600,1.656601,1.7124,1.5778,0.022112,600,0.5820112,0.58354,0.58078,0.0009124,600,0.863605,0.8765,0.8473,0.008144,600,0.5783331,0.57870,0.57796,0.0002111,600,0.870252,0.8735,0.8668,0.002096,600,2.024286,2.0296,2.0222,0.001029,600,1.655901,1.7194,1.5835,0.021905,600,1.644304,1.7715,1.5365,0.036651,600,2.067841,2.0689,2.0665,0.000308,600,0.0006297,0.00074,0.00060,0.0000237,600,13.42,16,11,0.92,600,13.52,16,11,0.89,600,12.63,15,10,0.85,600,12.21,14,10,0.83,600,11.31,14,9,0.90,600,9.68,12,6,1.07,600,7.92,11,4,1.37,600,4.96,9,0,1.56,600,12.9280,13.09,12.87,22.10,27,19,28.85,346701
2026-07-07 03:50:00,10.305,11.7,8.7,0.632,600,10.365,12.5,8.7,0.625,600,9.809,11.8,8.0,0.690,600,9.508,11.0,7.9,0.665,600,8.836,11.0,7.2,0.661,600,8.097,10.3,4.9,0.750,600,6.749,9.5,4.2,0.915,600,4.311,7.2,0.4,1.396,600,206.0495,3.0493,600,203.1355,3.1867,600,203.5580,3.1062,600,201.4145,4.5935,600,87.7891,88.22,87.28,0.2060,600,87.2578,87.41,87.15,0.0633,600,28.11939,28.139,28.092,0.01059,600,27.81862,27.840,27.790,0.01426,600,988.5224,989.67,988.11,0.2104,600,999.2150,999.41,999.09,0.0611,600,1.0073,1.18,0.97,0.0352,600,1.703185,1.7906,1.6117,0.020651,600,1.685271,1.7412,1.6053,0.021548,600,0.5811939,0.58139,0.58092,0.0001059,600,0.877891,0.8822,0.8728,0.002060,600,0.5781862,0.57840,0.57790,0.0001426,600,0.872578,0.8741,0.8715,0.000633,600,2.024563,2.0293,2.0229,0.000863,600,1.689480,1.7557,1.6331,0.021088,600,1.674089,1.7644,1.5670,0.031103,600,2.068403,2.0692,2.0679,0.000251,600,0.0006295,0.00074,0.00060,0.0000220,600,13.13,15,11,0.83,600,13.21,16,11,0.82,600,12.43,15,10,0.91,600,12.05,14,10,0.87,600,11.15,14,9,0.87,600,10.16,13,6,0.99,600,8.42,12,5,1.21,600,5.12,9,0,1.85,600,12.9267,13.03,12.88,22.14,29,19,28.62,346778
2026-07-07 04:00:00,10.751,12.5,9.4,0.581,600,10.807,12.5,9.4,0.580,600,10.284,11.8,8.0,0.616,600,10.008,11.8,7.9,0.651,600,9.383,11.0,7.2,0.672,600,8.665,10.3,5.7,0.754,600,7.373,9.5,4.2,0.998,600,4.989,8.0,0.4,1.161,600,204.5682,2.7778,600,201.6150,3.1004,600,202.6195,3.0111,600,201.5385,3.9132,600,88.2820,88.66,87.92,0.1448,600,87.4387,87.58,87.31,0.0631,600,28.12684,28.186,28.078,0.03492,600,27.82255,27.850,27.810,0.00923,600,988.6316,989.83,988.20,0.2493,600,999.3045,999.66,999.09,0.0859,600,1.0076,1.13,0.97,0.0353,600,1.693165,1.7594,1.6261,0.018811,600,1.675002,1.7315,1.6046,0.020963,600,0.5812684,0.58186,0.58078,0.0003492,600,0.882820,0.8866,0.8792,0.001448,600,0.5782255,0.57850,0.57810,0.0000923,600,0.874387,0.8758,0.8731,0.000631,600,2.025011,2.0299,2.0232,0.001022,600,1.683114,1.7443,1.6160,0.020443,600,1.674941,1.8134,1.5966,0.026500,600,2.068770,2.0702,2.0679,0.000352,600,0.0006298,0.00070,0.00060,0.0000221,600,13.71,16,12,0.76,600,13.79,16,12,0.76,600,13.06,15,10,0.81,600,12.71,15,10,0.85,600,11.87,14,9,0.88,600,10.91,13,7,0.99,600,9.24,12,5,1.32,600,6.02,10,0,1.54,600,12.9272,13.05,12.88,22.09,25,19,28.46,346855
2026-07-07 04:10:00,10.706,12.5,9.4,0.622,600,10.832,12.5,9.4,0.605,600,9.798,11.8,8.0,0.661,600,9.478,11.8,7.2,0.715,600,8.883,11.0,6.4,0.785,600,8.170,10.3,5.7,0.876,600,7.034,9.5,4.2,1.077,600,4.666,8.0,0.4,1.305,600,201.0219,3.1696,600,199.9561,4.0629,600,201.9940,3.9930,600,201.5452,4.8738,600,89.7782,90.77,88.59,0.6497,600,87.8280,88.25,87.41,0.2644,600,27.93896,28.115,27.806,0.08612,600,27.83399,27.860,27.790,0.01991,600,988.7607,990.16,988.28,0.2662,600,999.4138,999.58,999.17,0.0711,600,1.0070,1.18,0.97,0.0361,600,1.669174,1.7406,1.6123,0.021464,600,1.663804,1.7725,1.5798,0.027478,600,0.5793896,0.58115,0.57806,0.0008612,600,0.897782,0.9077,0.8859,0.006497,600,0.5783399,0.57860,0.57790,0.0001991,600,0.878280,0.8825,0.8741,0.002644,600,2.025540,2.0313,2.0236,0.001091,600,1.678871,1.7654,1.5724,0.027114,600,1.674977,1.7929,1.5828,0.032998,600,2.069218,2.0699,2.0682,0.000292,600,0.0006294,0.00074,0.00060,0.0000226,600,13.65,16,12,0.82,600,13.82,16,12,0.80,600,12.42,15,10,0.87,600,12.01,15,9,0.94,600,11.21,14,8,1.03,600,10.25,13,7,1.16,600,8.80,12,5,1.42,600,5.59,10,0,1.73,600,12.9270,13.02,12.83,22.07,27,19,28.31,346932
2026-07-07 04:20:00,11.504,13.3,9.4,0.652,600,11.602,13.2,9.4,0.657,600,10.563,12.5,8.0,0.724,600,10.185,12.5,8.7,0.758,600,9.573,11.8,7.2,0.764,600,8.680,10.3,4.9,0.923,600,7.483,10.2,4.2,1.141,600,5.243,8.7,0.4,1.278,600,200.9766,2.9653,600,199.4660,3.2885,600,201.1142,3.9304,600,200.7993,5.1223,600,91.0983,91.51,90.57,0.2101,600,88.3398,88.52,88.19,0.0824,600,27.81534,27.837,27.790,0.01232,600,27.78866,27.796,27.776,0.00288,600,988.7671,990.00,988.44,0.2122,600,999.4244,999.66,999.09,0.0761,600,1.0057,1.18,0.97,0.0357,600,1.668868,1.7339,1.5942,0.020080,600,1.660493,1.7322,1.6003,0.022236,600,0.5781534,0.57837,0.57790,0.0001232,600,0.910983,0.9151,0.9057,0.002101,600,0.5778866,0.57796,0.57776,0.0000288,600,0.883398,0.8852,0.8819,0.000824,600,2.025566,2.0306,2.0242,0.000870,600,1.672914,1.7725,1.6033,0.026687,600,1.669928,1.7745,1.5388,0.034687,600,2.069262,2.0702,2.0679,0.000312,600,0.0006285,0.00074,0.00060,0.0000223,600,14.70,17,12,0.86,600,14.84,17,12,0.87,600,13.43,16,10,0.95,600,12.94,16,11,0.99,600,12.12,15,9,1.00,600,10.93,13,6,1.22,600,9.39,13,5,1.50,600,6.36,11,0,1.69,600,12.9258,13.03,12.88,22.09,25,17,28.25,347009
2026-07-07 04:30:00,12.415,14.8,10.2,0.838,600,12.556,15.5,10.2,0.864,600,11.717,14.0,9.5,0.827,600,11.396,13.3,8.7,0.824,600,10.668,12.5,8.7,0.766,600,9.553,11.8,6.5,1.004,600,7.944,11.0,4.2,1.157,600,5.564,8.7,2.7,1.220,600,199.8437,2.7556,600,197.8007,2.9944,600,199.5589,3.2683,600,199.3517,5.0659,600,91.7556,91.98,91.28,0.1503,600,88.7305,88.89,88.52,0.0953,600,27.77918,27.800,27.749,0.01184,600,27.76087,27.783,27.743,0.01096,600,988.7932,990.08,988.20,0.2595,600,999.3870,999.58,999.17,0.0844,600,1.0070,1.18,0.97,0.0382,600,1.661207,1.7318,1.5935,0.018660,600,1.649242,1.7201,1.5697,0.020248,600,0.5777918,0.57800,0.57749,0.0001184,600,0.917556,0.9198,0.9128,0.001503,600,0.5776087,0.57783,0.57743,0.0001096,600,0.887305,0.8889,0.8852,0.000953,600,2.025673,2.0309,2.0232,0.001064,600,1.662359,1.7231,1.5747,0.022189,600,1.660140,1.7815,1.5281,0.034311,600,2.069109,2.0699,2.0682,0.000346,600,0.0006294,0.00074,0.00060,0.0000239,600,15.90,19,13,1.10,600,16.09,20,13,1.14,600,14.95,18,12,1.09,600,14.53,17,11,1.08,600,13.55,16,11,1.00,600,12.08,15,8,1.32,600,10.00,14,5,1.52,600,6.79,11,3,1.62,600,12.9270,13.04,12.87,22.11,25,20,28.18,347086
2026-07-07 04:40:00,12.894,14.8,11.0,0.721,600,13.007,14.8,11.0,0.754,600,11.939,14.0,9.5,0.797,600,11.496,14.0,9.5,0.810,600,10.793,13.3,8.7,0.824,600,9.553,12.5,5.7,1.152,600,8.101,11.7,4.2,1.265,600,5.578,9.5,0.4,1.307,600,200.9057,2.8873,600,199.0538,3.4802,600,200.7106,3.9156,600,200.5400,6.0084,600,91.9958,92.25,91.78,0.0915,600,88.7621,88.89,88.66,0.0516,600,27.79234,27.806,27.759,0.00995,600,27.75745,27.766,27.746,0.00329,600,988.6773,990.16,987.95,0.2651,600,999.2885,999.49,999.00,0.0713,600,1.0057,1.18,0.97,0.0343,600,1.668390,1.7255,1.6046,0.019552,600,1.657708,1.7399,1.5821,0.023533,600,0.5779234,0.57806,0.57759,0.0000995,600,0.919958,0.9225,0.9178,0.000915,600,0.5775745,0.57766,0.57746,0.0000329,600,0.887621,0.8889,0.8866,0.000516,600,2.025198,2.0313,2.0222,0.001087,600,1.670168,1.7433,1.5747,0.026588,600,1.668214,1.8651,1.5267,0.040713,600,2.068705,2.0695,2.0675,0.000292,600,0.0006286,0.00074,0.00060,0.0000214,600,16.53,19,14,0.95,600,16.69,19,14,0.99,600,15.24,18,12,1.05,600,14.66,18,12,1.06,600,13.72,17,11,1.08,600,12.08,16,7,1.52,600,10.21,15,5,1.67,600,6.80,12,0,1.73,600,12.9271,12.99,12.88,22.05,26,20,28.11,347163
2026-07-07 04:50:00,13.651,15.5,11.7,0.752,600,13.720,15.5,11.0,0.778,600,12.832,14.8,10.2,0.880,600,12.363,14.8,9.5,0.921,600,11.431,14.1,8.7,0.937,600,10.013,13.3,6.5,1.181,600,8.328,12.5,4.2,1.417,600,5.417,9.5,0.4,1.392,600,201.2166,2.5436,600,199.6565,3.2216,600,201.2735,3.5157,600,201.0681,5.5337,600,92.2965,92.45,92.18,0.0556,600,88.8997,89.03,88.79,0.0556,600,27.78139,27.827,27.739,0.03097,600,27.73772,27.756,27.719,0.00842,600,988.6594,990.08,988.11,0.2278,600,999.2996,999.58,999.00,0.0755,600,1.0048,1.18,0.97,0.0381,600,1.670492,1.7214,1.6070,0.017223,600,1.661778,1.7339,1.5815,0.021783,600,0.5778139,0.57827,0.57739,0.0003097,600,0.922965,0.9245,0.9218,0.000556,600,0.5773772,0.57756,0.57719,0.0000842,600,0.888997,0.8903,0.8879,0.000556,600,2.025125,2.0309,2.0229,0.000934,600,1.673989,1.7533,1.6070,0.023870,600,1.671748,1.8013,1.5459,0.037483,600,2.068750,2.0699,2.0675,0.000310,600,0.0006280,0.00074,0.00060,0.0000238,600,17.52,20,15,0.99,600,17.63,20,14,1.03,600,16.41,19,13,1.16,600,15.79,19,12,1.21,600,14.56,18,11,1.23,600,12.69,17,8,1.56,600,10.51,16,5,1.87,600,6.59,12,0,1.84,600,12.9255,12.99,12.88,22.06,24,20,28.11,347240
2026-07-07 05:00:00,12.682,14.8,9.4,0.845,600,12.742,14.8,10.2,0.881,600,11.907,14.0,9.5,0.808,600,11.461,14.0,8.7,0.971,600,10.587,13.3,8.0,0.963,600,9.319,11.8,5.7,0.990,600,7.945,11.0,4.9,1.124,600,5.422,9.5,0.4,1.315,600,202.5991,3.4385,600,201.0811,3.7648,600,202.8154,4.3275,600,203.1175,6.5060,600,92.4453,92.58,92.21,0.1007,600,88.9529,89.03,88.82,0.0632,600,27.77973,27.816,27.763,0.01398,600,27.74902,27.763,27.736,0.00643,600,988.7202,990.00,988.11,0.2818,600,999.3713,999.66,999.17,0.0772,600,1.0084,1.18,0.97,0.0368,600,1.679848,1.7755,1.6170,0.023288,600,1.671400,1.7513,1.5882,0.025458,600,0.5777973,0.57816,0.57763,0.0001398,600,0.924453,0.9258,0.9221,0.001007,600,0.5774902,0.57763,0.57736,0.0000643,600,0.889529,0.8903,0.8882,0.000632,600,2.025374,2.0306,2.0229,0.001155,600,1.684451,1.7728,1.5986,0.029386,600,1.685625,1.8443,1.5680,0.044072,600,2.069044,2.0702,2.0682,0.000316,600,0.0006303,0.00074,0.00060,0.0000230,600,16.25,19,12,1.11,600,16.34,19,13,1.16,600,15.20,18,12,1.06,600,14.61,18,11,1.27,600,13.45,17,10,1.26,600,11.77,15,7,1.31,600,10.00,14,6,1.48,600,6.60,12,0,1.74,600,12.9251,12.99,12.88,22.09,25,17,28.06,347317
2026-07-07 05:10:00,12.705,15.5,11.0,0.802,600,12.692,14.8,11.0,0.822,600,11.970,14.0,9.5,0.809,600,11.656,14.0,8.7,0.885,600,11.017,13.3,8.7,0.766,600,9.857,12.5,6.5,1.092,600,8.182,11.7,4.2,1.587,600,5.924,10.3,0.4,1.418,600,206.3796,3.5979,600,205.5872,4.2776,600,207.1514,4.4002,600,206.9034,6.6216,600,92.6308,92.72,92.55,0.0404,600,88.8504,89.03,88.59,0.1561,600,27.78430,27.816,27.753,0.02099,600,27.77165,27.827,27.746,0.02249,600,988.7435,990.24,988.11,0.2781,600,999.4613,999.82,999.25,0.0942,600,1.4562,2.69,0.97,0.5872,600,1.705417,1.7768,1.6207,0.024367,600,1.701832,1.7822,1.6187,0.028928,600,0.5778430,0.57816,0.57753,0.0002099,600,0.926308,0.9272,0.9255,0.000404,600,0.5777165,0.57827,0.57746,0.0002249,600,0.888504,0.8903,0.8859,0.001561,600,2.025470,2.0316,2.0229,0.001140,600,1.713855,1.8312,1.6123,0.029885,600,1.711186,1.9000,1.5566,0.044880,600,2.069413,2.0709,2.0685,0.000386,600,0.0009101,0.00168,0.00060,0.0003670,600,16.28,20,14,1.05,600,16.27,19,14,1.08,600,15.28,18,12,1.07,600,14.87,18,11,1.16,600,14.01,17,11,1.00,600,12.48,16,8,1.44,600,10.31,15,5,2.09,600,7.26,13,0,1.88,600,12.9253,13.03,12.87,22.12,25,18,28.07,347394
2026-07-07 05:20:00,13.477,16.3,11.0,0.960,600,13.532,16.3,11.7,0.958,600,12.591,14.8,9.5,1.001,600,12.074,14.8,9.5,1.114,600,11.255,14.1,8.0,1.044,600,9.936,12.5,6.5,1.075,600,8.369,12.5,4.9,1.342,600,6.241,11.0,3.5,1.307,600,205.6171,3.1598,600,204.5660,3.9799,600,207.2136,4.5992,600,209.2615,6.3399,600,92.8326,93.09,92.58,0.1317,600,88.9172,89.26,88.56,0.1917,600,27.76425,27.806,27.733,0.02166,600,27.79725,27.830,27.759,0.01987,600,988.8382,989.92,988.36,0.2349,600,999.6006,999.82,999.25,0.0842,600,5.9049,10.42,1.77,2.4243,600,1.700261,1.7644,1.6274,0.021398,600,1.694940,1.7919,1.6003,0.026917,600,0.5776425,0.57806,0.57733,0.0002166,600,0.928326,0.9309,0.9258,0.001317,600,0.5779725,0.57830,0.57759,0.0001987,600,0.889172,0.8926,0.8856,0.001917,600,2.025858,2.0303,2.0239,0.000963,600,1.714284,1.8195,1.6221,0.031234,600,1.727180,1.8732,1.6147,0.042945,600,2.069984,2.0709,2.0685,0.000345,600,0.0036906,0.00651,0.00111,0.0015152,600,17.29,21,14,1.26,600,17.38,21,15,1.26,600,16.09,19,12,1.32,600,15.41,19,12,1.46,600,14.32,18,10,1.37,600,12.59,16,8,1.42,600,10.56,16,6,1.77,600,7.68,14,4,1.73,600,12.9260,12.99,12.88,22.11,26,20,28.05,347471
2026-07-07 05:30:00,14.494,16.3,12.5,0.629,600,14.546,16.3,12.5,0.618,600,13.671,15.6,11.8,0.727,600,13.244,15.6,10.2,0.815,600,12.305,14.8,10.2,0.784,600,11.229,14.0,8.7,0.988,600,9.731,13.3,4.9,1.301,600,6.851,11.0,3.5,1.410,600,205.0688,2.1905,600,202.9948,2.7516,600,204.5202,3.0082,600,205.0757,5.2481,600,93.0651,93.22,92.95,0.0497,600,89.3511,89.43,89.23,0.0489,600,27.76873,27.803,27.749,0.00855,600,27.75114,27.763,27.739,0.00467,600,988.9558,990.24,988.20,0.2869,600,999.7254,999.99,999.33,0.1031,600,18.0724,22.88,10.42,3.8193,600,1.696551,1.7496,1.6446,0.014832,600,1.684323,1.7513,1.6070,0.018607,600,0.5776873,0.57803,0.57749,0.0000855,600,0.930651,0.9322,0.9295,0.000497,600,0.5775114,0.57763,0.57739,0.0000467,600,0.893511,0.8943,0.8923,0.000489,600,2.026340,2.0316,2.0232,0.001176,600,1.696008,1.7926,1.6399,0.020424,600,1.698848,1.8574,1.5559,0.035563,600,2.070496,2.0716,2.0689,0.000423,600,0.0112952,0.01430,0.00651,0.0023870,600,18.63,21,16,0.83,600,18.72,21,16,0.81,600,17.52,20,15,0.96,600,16.95,20,13,1.07,600,15.70,19,13,1.03,600,14.29,18,11,1.30,600,12.36,17,6,1.72,600,8.49,14,4,1.87,600,12.9543,13.03,12.90,22.05,24,20,28.05,347549
2026-07-07 05:40:00,13.977,16.3,11.7,0.675,600,14.010,16.3,11.7,0.668,600,13.256,15.6,11.0,0.686,600,12.904,14.8,10.2,0.738,600,12.136,14.1,10.2,0.742,600,10.731,13.3,8.0,0.996,600,8.692,11.7,4.2,1.261,600,5.940,9.5,2.7,1.287,600,207.5496,2.5103,600,205.2269,2.9255,600,206.1564,3.0364,600,205.1316,5.1595,600,92.7852,93.15,92.28,0.1942,600,89.4365,89.53,89.29,0.0550,600,27.89933,28.021,27.803,0.05264,600,27.77341,27.806,27.756,0.01080,600,989.0372,990.41,988.44,0.2726,600,999.8735,1000.15,999.58,0.0697,600,30.1958,35.34,22.88,3.8997,600,1.713331,1.7768,1.6624,0.016999,600,1.699399,1.7634,1.6382,0.019780,600,0.5789933,0.58021,0.57803,0.0005264,600,0.927852,0.9315,0.9228,0.001942,600,0.5777341,0.57806,0.57756,0.0001080,600,0.894365,0.8953,0.8929,0.000550,600,2.026674,2.0323,2.0242,0.001118,600,1.707100,1.7624,1.6123,0.020616,600,1.699225,1.8010,1.5835,0.034942,600,2.071103,2.0722,2.0699,0.000286,600,0.0188724,0.02209,0.01430,0.0024373,600,17.95,21,15,0.89,600,18.01,21,15,0.88,600,16.97,20,14,0.90,600,16.50,19,13,0.97,600,15.48,18,13,0.97,600,13.63,17,10,1.31,600,10.98,15,5,1.66,600,7.28,12,3,1.70,600,13.0288,13.15,12.95,21.88,25,17,28.08,347626
2026-07-07 05:50:00,12.824,15.5,11.0,0.807,600,12.812,14.8,10.2,0.834,600,11.943,14.0,10.2,0.882,600,11.620,14.0,9.5,0.917,600,11.037,13.3,8.7,0.878,600,10.023,12.5,6.5,1.020,600,8.855,11.7,4.2,1.204,600,6.134,10.3,3.5,1.229,600,210.0577,3.0444,600,208.3438,3.1991,600,209.3403,3.0228,600,207.4278,4.6094,600,91.8871,92.45,91.41,0.2537,600,88.7692,89.29,88.19,0.3355,600,28.09900,28.169,28.018,0.04340,600,27.88188,27.978,27.800,0.05224,600,989.1111,990.49,988.52,0.2541,600,999.9722,1000.23,999.66,0.1025,600,40.8501,45.65,35.29,3.0325,600,1.730298,1.7936,1.6634,0.020616,600,1.720456,1.7829,1.6674,0.021631,600,0.5809900,0.58169,0.58018,0.0004340,600,0.918871,0.9245,0.9141,0.002537,600,0.5788188,0.57978,0.57800,0.0005224,600,0.887692,0.8929,0.8819,0.003355,600,2.026977,2.0326,2.0246,0.001042,600,1.728697,1.7993,1.6620,0.020523,600,1.714756,1.8352,1.5966,0.031225,600,2.071508,2.0726,2.0702,0.000420,600,0.0255313,0.02853,0.02206,0.0018953,600,16.43,20,14,1.06,600,16.43,19,13,1.10,600,15.24,18,13,1.16,600,14.82,18,12,1.20,600,14.04,17,11,1.15,600,12.70,16,8,1.35,600,11.20,15,5,1.59,600,7.54,13,4,1.63,600,13.1392,13.23,13.04,21.65,26,19,28.11,347703
2026-07-07 06:00:00,10.859,13.3,8.7,0.797,600,10.894,13.2,8.7,0.825,600,10.332,12.5,8.0,0.747,600,10.124,12.5,7.9,0.800,600,9.698,11.8,7.2,0.768,600,8.748,11.0,6.5,0.840,600,7.179,9.5,4.2,0.980,600,4.664,8.7,0.4,1.104,600,209.3316,3.4326,600,206.9686,3.5553,600,207.9359,3.3656,600,205.9981,5.4754,600,91.0946,91.58,90.70,0.2394,600,87.7438,88.22,87.18,0.2904,600,28.22335,28.297,28.162,0.03717,600,28.04901,28.129,27.978,0.04605,600,989.4004,990.65,988.85,0.2658,600,1000.1958,1000.40,999.90,0.0855,600,50.8171,55.64,45.49,2.8604,600,1.725386,1.8050,1.6546,0.023245,600,1.711166,1.7819,1.6295,0.024041,600,0.5822335,0.58297,0.58162,0.0003717,600,0.910946,0.9158,0.9070,0.002394,600,0.5804901,0.58129,0.57978,0.0004605,600,0.877438,0.8822,0.8718,0.002904,600,2.028163,2.0333,2.0259,0.001090,600,1.719168,1.7872,1.6446,0.022852,600,1.705097,1.8628,1.5778,0.037099,600,2.072425,2.0732,2.0712,0.000351,600,0.0317607,0.03478,0.02843,0.0017877,600,13.86,17,11,1.05,600,13.90,17,11,1.09,600,13.12,16,10,0.98,600,12.86,16,10,1.05,600,12.28,15,9,1.01,600,11.02,14,8,1.11,600,8.99,12,5,1.29,600,5.59,11,0,1.46,600,13.2801,13.39,13.16,21.45,27,19,28.19,347780
2026-07-07 06:10:00,10.274,13.3,7.9,0.964,600,10.265,13.2,7.9,1.029,600,9.679,12.5,8.0,0.919,600,9.487,11.8,7.2,0.916,600,9.091,11.8,6.4,0.828,600,8.210,10.3,5.7,0.871,600,6.914,8.7,4.2,0.986,600,4.570,8.0,0.4,1.085,600,208.9830,4.2592,600,207.6423,4.3786,600,209.1829,4.4066,600,207.0449,5.5067,600,90.0734,90.74,89.33,0.3687,600,86.3160,87.18,85.53,0.5130,600,28.38761,28.495,28.290,0.06277,600,28.25136,28.384,28.125,0.07805,600,989.5436,990.82,989.01,0.2204,600,1000.3529,1000.64,1000.15,0.0884,600,59.1870,65.80,55.64,3.5146,600,1.723037,1.8507,1.6469,0.028850,600,1.715718,1.8138,1.6399,0.029611,600,0.5838761,0.58495,0.58290,0.0006277,600,0.900734,0.9074,0.8933,0.003687,600,0.5825136,0.58384,0.58125,0.0007805,600,0.863160,0.8718,0.8553,0.005130,600,2.028750,2.0340,2.0266,0.000904,600,1.727629,1.8164,1.6429,0.029923,600,1.712132,1.8248,1.5304,0.037309,600,2.073069,2.0742,2.0722,0.000362,600,0.0369919,0.04112,0.03478,0.0021967,600,13.09,17,10,1.27,600,13.07,17,10,1.36,600,12.26,16,10,1.21,600,12.02,15,9,1.20,600,11.49,15,8,1.09,600,10.31,13,7,1.15,600,8.64,11,5,1.30,600,5.47,10,0,1.44,600,13.4178,13.53,13.32,21.17,23,16,28.41,347857
2026-07-07 06:20:00,12.177,16.3,9.4,1.239,600,12.211,16.3,9.4,1.250,600,11.490,14.8,8.7,1.143,600,11.146,14.8,8.7,1.114,600,10.552,14.1,8.0,1.181,600,9.611,13.3,6.5,1.180,600,8.203,11.7,4.2,1.475,600,5.563,9.5,1.2,1.438,600,209.7154,4.6459,600,208.1637,5.3658,600,209.8634,5.4055,600,207.3104,6.0157,600,88.6156,89.40,87.85,0.4529,600,84.5729,85.60,83.62,0.5713,600,28.63145,28.746,28.495,0.06759,600,28.51964,28.689,28.384,0.08992,600,989.5530,990.82,989.01,0.2833,600,1000.3865,1000.56,1000.07,0.0806,600,76.3284,102.48,65.74,7.9707,600,1.727986,1.8389,1.6164,0.031466,600,1.719249,1.8329,1.6090,0.036296,600,0.5863145,0.58746,0.58495,0.0006759,600,0.886156,0.8940,0.8785,0.004529,600,0.5851964,0.58689,0.58384,0.0008992,600,0.845729,0.8560,0.8362,0.005713,600,2.028789,2.0340,2.0266,0.001162,600,1.732251,1.8910,1.6315,0.036718,600,1.713916,1.8530,1.4435,0.040811,600,2.073206,2.0739,2.0719,0.000331,600,0.0477053,0.06405,0.04109,0.0049817,600,15.59,21,12,1.63,600,15.64,21,12,1.65,600,14.64,19,11,1.51,600,14.20,19,11,1.46,600,13.40,18,10,1.55,600,12.15,17,8,1.56,600,10.34,15,5,1.95,600,6.78,12,1,1.91,600,13.5419,13.66,13.44,21.00,25,19,28.76,347934
2026-07-07 06:30:00,12.682,17.8,9.4,1.522,600,12.690,17.0,9.4,1.527,600,12.144,15.6,9.5,1.506,600,11.914,16.3,8.7,1.446,600,11.466,15.6,8.7,1.338,600,10.443,14.8,7.2,1.416,600,8.978,13.3,4.9,1.446,600,6.197,10.3,3.5,1.302,600,211.3119,4.8335,600,209.5236,4.6230,600,210.8803,4.3001,600,209.8820,6.1041,600,87.3480,87.88,86.58,0.3099,600,83.1453,83.76,82.65,0.3548,600,28.80381,28.904,28.743,0.05017,600,28.78588,28.894,28.686,0.05827,600,989.5291,990.82,988.77,0.3128,600,1000.3383,1000.72,1000.07,0.0935,600,92.9811,106.29,85.24,5.6917,600,1.738797,1.8597,1.6600,0.032743,600,1.728426,1.8426,1.6493,0.031267,600,0.5880381,0.58904,0.58743,0.0005017,600,0.873480,0.8788,0.8658,0.003099,600,0.5878588,0.58894,0.58686,0.0005827,600,0.831453,0.8376,0.8265,0.003548,600,2.028691,2.0340,2.0256,0.001282,600,1.739147,1.8336,1.6613,0.029201,600,1.731361,1.8933,1.5724,0.041367,600,2.073009,2.0746,2.0719,0.000383,600,0.0581132,0.06643,0.05327,0.0035573,600,16.25,23,12,2.00,600,16.27,22,12,2.01,600,15.51,20,12,1.98,600,15.21,21,11,1.90,600,14.60,20,11,1.76,600,13.25,19,9,1.87,600,11.36,17,6,1.91,600,7.62,13,4,1.72,600,13.6715,13.84,13.58,20.74,25,18,28.96,348011
2026-07-07 06:40:00,12.725,16.3,8.7,1.370,600,12.725,16.3,8.7,1.322,600,12.087,15.6,8.0,1.241,600,11.830,14.8,7.9,1.163,600,11.346,14.1,8.7,0.984,600,10.036,13.3,4.9,1.244,600,8.480,13.3,5.7,1.438,600,5.853,10.3,2.7,1.354,600,209.8533,4.4021,600,208.0665,4.4096,600,209.3895,4.6472,600,208.3459,6.1633,600,86.4362,86.71,86.17,0.1209,600,82.6270,82.82,82.35,0.1031,600,28.91601,28.941,28.894,0.01039,600,28.92269,28.965,28.887,0.02381,600,989.5561,991.06,988.85,0.2398,600,1000.3839,1000.56,1000.07,0.0851,600,112.4336,125.90,101.62,7.1610,600,1.728916,1.8158,1.6207,0.029818,600,1.718583,1.7980,1.6415,0.029818,600,0.5891601,0.58941,0.58894,0.0001039,600,0.864362,0.8671,0.8617,0.001209,600,0.5892269,0.58965,0.58887,0.0002381,600,0.826270,0.8282,0.8235,0.001031,600,2.028801,2.0350,2.0259,0.000983,600,1.729029,1.8326,1.5996,0.031560,600,1.720933,1.8500,1.5210,0.041763,600,2.073196,2.0739,2.0719,0.000349,600,0.0702710,0.07869,0.06351,0.0044756,600,16.30,21,11,1.80,600,16.32,21,11,1.74,600,15.43,20,10,1.63,600,15.10,19,10,1.52,600,14.45,18,11,1.29,600,12.72,17,6,1.64,600,10.71,17,7,1.90,600,7.17,13,3,1.79,600,13.8373,14.01,13.69,20.53,23,18,29.00,348088
2026-07-07 06:50:00,13.948,17.1,9.4,1.469,600,13.952,17.8,9.4,1.451,600,13.521,17.1,9.5,1.390,600,13.386,17.1,7.9,1.564,600,12.903,16.3,7.2,1.644,600,11.911,16.3,6.5,1.746,600,10.174,14.8,4.2,1.856,600,7.119,12.5,1.2,1.728,600,208.3139,4.5223,600,206.6088,4.6365,600,207.9953,4.4833,600,206.9529,5.6714,600,86.1200,86.41,85.80,0.1551,600,82.1753,82.65,81.61,0.2592,600,28.98550,29.082,28.921,0.04260,600,29.03906,29.169,28.961,0.05938,600,989.6365,991.06,988.61,0.3297,600,1000.4701,1000.89,1000.07,0.1127,600,147.5340,221.13,118.00,33.4966,600,1.718512,1.8245,1.6392,0.030631,600,1.708743,1.8074,1.6133,0.031360,600,0.5898550,0.59082,0.58921,0.0004260,600,0.861200,0.8641,0.8580,0.001551,600,0.5903906,0.59169,0.58961,0.0005938,600,0.821753,0.8265,0.8161,0.002592,600,2.029131,2.0350,2.0249,0.001352,600,1.719584,1.8158,1.6298,0.030448,600,1.711543,1.8920,1.5794,0.038420,600,2.073549,2.0753,2.0719,0.000462,600,0.0922088,0.13820,0.07375,0.0209354,600,17.91,22,12,1.93,600,17.93,23,12,1.91,600,17.32,22,12,1.83,600,17.14,22,10,2.05,600,16.49,21,9,2.16,600,15.19,21,8,2.31,600,12.94,19,5,2.45,600,8.85,16,1,2.29,600,14.1431,14.52,13.92,20.01,22,18,29.13,348165
2026-07-07 07:00:00,15.880,19.3,11.7,1.279,600,15.870,20.1,12.5,1.320,600,15.301,19.4,12.5,1.209,600,15.117,18.6,11.0,1.183,600,14.572,17.9,11.8,1.142,600,13.688,17.1,9.5,1.344,600,11.477,15.5,5.7,1.871,600,8.235,13.3,3.5,1.719,600,208.4966,3.8053,600,207.1340,3.9030,600,208.4639,4.4410,600,206.6332,5.9669,600,85.1185,85.87,84.56,0.3754,600,81.0326,81.77,80.57,0.2838,600,29.16751,29.230,29.069,0.05219,600,29.27822,29.324,29.173,0.04110,600,989.5891,990.98,988.52,0.3192,600,1000.6123,1000.97,1000.07,0.1422,600,160.9559,218.71,137.50,18.9115,600,1.719737,1.7956,1.6402,0.025770,600,1.712273,1.7869,1.5677,0.026401,600,0.5916751,0.59230,0.59069,0.0005219,600,0.851185,0.8587,0.8456,0.003754,600,0.5927822,0.59324,0.59173,0.0004110,600,0.810326,0.8177,0.8057,0.002838,600,2.028937,2.0346,2.0246,0.001309,600,1.722740,1.8124,1.6110,0.030162,600,1.709355,1.8665,1.5425,0.040435,600,2.074132,2.0756,2.0719,0.000583,600,0.1005975,0.13669,0.08594,0.0118197,600,20.45,25,15,1.68,600,20.46,26,16,1.74,600,19.66,25,16,1.59,600,19.40,24,14,1.55,600,18.68,23,15,1.50,600,17.54,22,12,1.77,600,14.66,20,7,2.47,600,10.32,17,4,2.28,600,14.4810,14.56,14.41,19.34,21,17,29.59,348242
2026-07-07 07:10:00,14.769,17.8,11.0,1.318,600,14.856,17.8,11.0,1.332,600,14.299,17.1,10.2,1.326,600,13.977,17.9,10.2,1.332,600,13.233,17.1,10.2,1.366,600,12.222,16.3,8.0,1.542,600,10.510,15.5,5.7,1.727,600,7.029,13.3,3.5,1.816,600,205.5516,4.2897,600,204.1325,4.2847,600,205.7137,4.4645,600,203.2940,6.4045,600,84.6612,84.86,84.39,0.0877,600,80.9807,81.30,80.43,0.1673,600,29.21223,29.233,29.193,0.00783,600,29.32356,29.357,29.304,0.01121,600,989.7788,991.23,988.85,0.3410,600,1000.6284,1000.97,1000.07,0.1343,600,154.6800,165.59,142.98,6.6587,600,1.699819,1.8097,1.5939,0.029057,600,1.692015,1.8050,1.6197,0.028976,600,0.5921223,0.59233,0.59193,0.0000783,600,0.846612,0.8486,0.8439,0.000877,600,0.5932356,0.59357,0.59304,0.0001121,600,0.809807,0.8130,0.8043,0.001673,600,2.029715,2.0356,2.0259,0.001398,600,1.704103,1.8117,1.6137,0.030314,600,1.686822,1.8463,1.5677,0.043386,600,2.074198,2.0756,2.0719,0.000551,600,0.0966750,0.10349,0.08936,0.0041617,600,18.99,23,14,1.73,600,19.13,23,14,1.76,600,18.34,22,13,1.75,600,17.91,23,13,1.75,600,16.92,22,13,1.79,600,15.60,21,10,2.04,600,13.38,20,7,2.28,600,8.72,17,4,2.41,600,14.3600,14.58,13.95,19.57,24,17,29.94,348319
2026-07-07 07:20:00,13.376,17.1,10.2,1.521,600,13.428,17.8,10.2,1.514,600,12.723,17.8,8.7,1.543,600,12.477,17.1,9.5,1.526,600,11.881,17.1,8.7,1.545,600,10.749,15.6,5.7,1.757,600,9.209,14.8,4.2,2.251,600,6.573,12.5,0.4,2.130,600,204.6623,5.5791,600,202.9821,5.5668,600,204.4484,5.6432,600,202.3125,6.6626,600,84.8297,85.27,84.43,0.2064,600,80.8742,81.51,80.10,0.3180,600,29.22723,29.247,29.203,0.00889,600,29.44144,29.569,29.351,0.06411,600,989.9038,991.14,989.10,0.2737,600,1000.6268,1000.97,1000.23,0.1170,600,238.7618,381.08,166.34,72.9525,600,1.693804,1.7936,1.6009,0.037787,600,1.684251,1.8161,1.5459,0.037654,600,0.5922723,0.59247,0.59203,0.0000889,600,0.848297,0.8527,0.8443,0.002064,600,0.5944144,0.59569,0.59351,0.0006411,600,0.808742,0.8151,0.8010,0.003180,600,2.030227,2.0353,2.0269,0.001122,600,1.695513,1.8030,1.5435,0.038332,600,1.680136,1.8154,1.5341,0.045139,600,2.074192,2.0756,2.0726,0.000480,600,0.1492261,0.23817,0.10396,0.0455953,600,17.16,22,13,2.00,600,17.25,23,13,2.00,600,16.27,23,11,2.03,600,15.94,22,12,2.00,600,15.15,22,11,2.03,600,13.66,20,7,2.32,600,11.67,19,5,2.97,600,8.12,16,0,2.82,600,14.0985,14.52,13.93,20.04,23,17,30.00,348396
2026-07-07 07:30:00,12.720,17.8,9.4,1.339,600,12.656,17.0,10.2,1.357,600,12.306,16.3,8.7,1.385,600,12.223,17.1,8.7,1.492,600,11.538,15.6,8.0,1.310,600,10.440,14.0,5.7,1.334,600,8.826,14.0,4.9,1.331,600,6.345,11.0,3.5,1.432,600,205.0113,4.6226,600,203.0904,4.6613,600,204.0806,4.7648,600,201.9607,7.1452,600,85.2057,85.53,84.83,0.1394,600,80.8639,81.44,80.57,0.1858,600,29.25303,29.307,29.206,0.03082,600,29.60718,29.643,29.565,0.02395,600,990.0496,991.39,989.26,0.3214,600,1000.6962,1001.05,1000.31,0.1002,600,253.0314,368.56,194.54,51.0513,600,1.696152,1.7758,1.5956,0.031309,600,1.684961,1.7701,1.5956,0.031525,600,0.5925303,0.59307,0.59206,0.0003082,600,0.852057,0.8553,0.8483,0.001394,600,0.5960718,0.59643,0.59565,0.0002395,600,0.808639,0.8144,0.8057,0.001858,600,2.030825,2.0363,2.0276,0.001318,600,1.693024,1.8138,1.5979,0.032358,600,1.677794,1.8869,1.4848,0.048450,600,2.074476,2.0759,2.0729,0.000411,600,0.1581446,0.23035,0.12159,0.0319071,600,16.30,23,12,1.76,600,16.23,22,13,1.79,600,15.72,21,11,1.82,600,15.61,22,11,1.96,600,14.70,20,10,1.72,600,13.25,18,7,1.76,600,11.16,18,6,1.76,600,7.82,14,4,1.90,600,14.0795,14.49,13.95,20.14,24,17,30.05,348473
2026-07-07 07:40:00,12.400,16.3,9.4,1.417,600,12.491,16.3,9.4,1.433,600,11.967,16.3,8.7,1.343,600,11.778,15.6,8.7,1.349,600,11.136,14.8,8.0,1.329,600,9.898,14.8,5.7,1.623,600,8.380,14.0,4.2,1.966,600,5.950,11.8,0.4,1.793,600,204.3347,5.1666,600,202.8093,5.0956,600,204.2483,4.9725,600,203.2902,7.7120,600,85.1492,85.57,84.56,0.1802,600,81.0203,81.74,80.06,0.4416,600,29.32510,29.367,29.260,0.03303,600,29.58988,29.633,29.552,0.01854,600,990.0538,991.31,989.26,0.2761,600,1000.7167,1000.97,1000.23,0.1037,600,175.6325,196.90,163.33,8.4245,600,1.691581,1.7842,1.5848,0.034995,600,1.683076,1.8040,1.5905,0.034465,600,0.5932510,0.59367,0.59260,0.0003303,600,0.851492,0.8557,0.8456,0.001802,600,0.5958988,0.59633,0.59552,0.0001854,600,0.810203,0.8174,0.8006,0.004416,600,2.030842,2.0360,2.0276,0.001132,600,1.694165,1.7956,1.6080,0.033768,600,1.686836,1.9813,1.4979,0.052343,600,2.074560,2.0756,2.0726,0.000425,600,0.1097703,0.12307,0.10208,0.0052653,600,15.88,21,12,1.86,600,16.01,21,12,1.89,600,15.27,21,11,1.77,600,15.03,20,11,1.77,600,14.17,19,10,1.74,600,12.54,19,7,2.14,600,10.57,18,5,2.59,600,7.30,15,0,2.38,600,14.1242,14.50,13.93,19.98,24,18,30.43,348552
2026-07-07 07:50:00,13.203,15.5,11.0,0.853,600,13.216,15.5,11.0,0.824,600,13.002,15.6,10.2,0.787,600,12.922,14.8,11.0,0.741,600,12.416,14.8,9.5,0.825,600,11.037,14.0,7.2,1.321,600,9.294,13.3,4.9,1.472,600,6.518,11.0,2.7,1.439,600,204.3823,4.3495,600,202.1513,4.1865,600,202.7838,4.3332,600,200.9835,7.1486,600,85.7788,86.31,85.13,0.2792,600,81.8998,82.28,80.97,0.2691,600,29.27109,29.341,29.233,0.02961,600,29.53315,29.592,29.495,0.02710,600,990.1945,991.47,989.59,0.2864,600,1000.8138,1001.21,1000.48,0.0811,600,295.2626,459.87,196.85,83.7838,600,1.691938,1.8188,1.6170,0.029479,600,1.678641,1.7973,1.6016,0.028318,600,0.5927109,0.59341,0.59233,0.0002961,600,0.857788,0.8631,0.8513,0.002792,600,0.5953315,0.59592,0.59495,0.0002710,600,0.818998,0.8228,0.8097,0.002691,600,2.031419,2.0367,2.0289,0.001174,600,1.684235,1.7785,1.6016,0.029424,600,1.671139,1.8299,1.4170,0.048482,600,2.074959,2.0766,2.0736,0.000333,600,0.1845391,0.28742,0.12303,0.0523649,600,16.93,20,14,1.12,600,16.96,20,14,1.09,600,16.64,20,13,1.04,600,16.53,19,14,0.97,600,15.85,19,12,1.08,600,14.04,18,9,1.74,600,11.78,17,6,1.94,600,8.05,14,3,1.91,600,14.1325,14.47,13.93,20.09,26,18,30.63,348629
2026-07-07 08:00:00,12.735,15.5,11.0,0.817,600,12.775,14.8,10.2,0.845,600,12.444,14.8,10.2,0.783,600,12.340,14.8,9.5,0.875,600,11.740,14.1,7.2,0.976,600,10.623,13.3,6.5,1.244,600,9.130,12.5,4.9,1.466,600,6.235,10.3,2.7,1.371,600,206.2531,3.7160,600,204.1134,3.5837,600,205.0504,3.8810,600,203.6725,6.5262,600,86.0350,86.41,85.50,0.2062,600,82.0393,82.45,81.67,0.1516,600,29.25727,29.280,29.236,0.01034,600,29.58767,29.622,29.552,0.02215,600,990.1475,991.47,989.51,0.2542,600,1000.8410,1001.21,1000.64,0.0861,600,281.8131,375.55,263.13,16.4598,600,1.704566,1.7852,1.6190,0.025168,600,1.691884,1.7657,1.6211,0.024234,600,0.5925727,0.59280,0.59236,0.0001034,600,0.860350,0.8641,0.8550,0.002062,600,0.5958767,0.59622,0.59552,0.0002215,600,0.820393,0.8245,0.8167,0.001516,600,2.031226,2.0367,2.0286,0.001042,600,1.699601,1.7856,1.5945,0.026354,600,1.689408,1.8916,1.5395,0.044256,600,2.075070,2.0766,2.0742,0.000353,600,0.1761332,0.23472,0.16446,0.0102874,600,16.32,20,14,1.07,600,16.38,19,13,1.11,600,15.90,19,13,1.03,600,15.76,19,12,1.15,600,14.96,18,9,1.28,600,13.49,17,8,1.64,600,11.56,16,6,1.93,600,7.67,13,3,1.82,600,14.1440,14.45,13.95,20.02,27,18,30.84,348706
2026-07-07 08:10:00,11.820,15.5,9.4,1.105,600,11.848,16.3,9.4,1.108,600,11.348,15.6,8.7,1.059,600,11.228,14.8,8.7,1.054,600,10.732,13.3,8.0,1.016,600,9.733,13.3,4.9,1.526,600,8.135,12.5,3.4,1.740,600,5.677,10.3,0.4,1.470,600,206.3022,4.9868,600,204.4304,4.6024,600,205.0672,4.5809,600,202.4634,6.9287,600,85.9153,86.61,85.17,0.3197,600,81.8497,82.38,80.83,0.3488,600,29.39026,29.492,29.250,0.07940,600,29.67339,29.807,29.562,0.08073,600,990.3267,991.63,989.51,0.2978,600,1000.9360,1001.21,1000.64,0.0945,600,301.3411,320.92,288.16,9.2911,600,1.704910,1.8268,1.6013,0.033783,600,1.694030,1.7849,1.6070,0.031128,600,0.5939026,0.59492,0.59250,0.0007940,600,0.859153,0.8661,0.8517,0.003197,600,0.5967339,0.59807,0.59562,0.0008073,600,0.818497,0.8238,0.8083,0.003488,600,2.031961,2.0373,2.0286,0.001221,600,1.699722,1.7976,1.6013,0.031109,600,1.681125,1.8349,1.4509,0.046978,600,2.075459,2.0766,2.0742,0.000387,600,0.1883382,0.20058,0.18010,0.0058070,600,15.12,20,12,1.45,600,15.16,21,12,1.46,600,14.46,20,11,1.39,600,14.31,19,11,1.38,600,13.64,17,10,1.33,600,12.32,17,6,2.01,600,10.25,16,4,2.29,600,6.93,13,0,1.95,600,14.1410,14.47,13.95,19.98,25,16,30.96,348783
2026-07-07 08:20:00,11.017,14.8,7.9,1.132,600,11.045,14.8,8.7,1.079,600,10.680,14.0,8.0,1.150,600,10.449,14.0,7.2,1.198,600,9.789,13.3,6.4,1.177,600,8.566,11.8,4.9,1.350,600,7.145,11.7,0.4,1.521,600,4.859,8.7,0.4,1.423,600,203.3152,5.2743,600,200.1803,5.5574,600,200.6037,5.4954,600,197.3580,7.5546,600,86.0319,86.61,85.13,0.2705,600,82.4100,83.05,81.98,0.2147,600,29.40815,29.451,29.334,0.03124,600,29.80754,29.854,29.716,0.03815,600,990.4114,991.72,989.92,0.2107,600,1001.0013,1001.30,1000.80,0.0791,600,291.4491,313.94,249.11,18.8443,600,1.684701,1.7913,1.5992,0.035725,600,1.665343,1.8104,1.5737,0.037604,600,0.5940815,0.59451,0.59334,0.0003124,600,0.860319,0.8661,0.8513,0.002705,600,0.5980754,0.59854,0.59716,0.0003815,600,0.824100,0.8305,0.8198,0.002147,600,2.032308,2.0377,2.0303,0.000864,600,1.669461,1.7919,1.5757,0.037321,600,1.646627,1.7986,1.4556,0.051201,600,2.075727,2.0769,2.0749,0.000324,600,0.1821557,0.19621,0.15569,0.0117777,600,14.06,19,10,1.49,600,14.10,19,11,1.42,600,13.58,18,10,1.51,600,13.29,18,9,1.57,600,12.40,17,8,1.54,600,10.78,15,6,1.78,600,8.95,15,0,2.01,600,5.85,11,0,1.88,600,14.1409,14.45,13.91,20.04,24,18,30.99,348859
2026-07-07 08:30:00,11.678,14.0,10.2,0.702,600,11.790,14.8,10.2,0.700,600,11.729,14.0,10.2,0.646,600,11.776,14.0,9.5,0.713,600,11.544,14.1,8.0,0.838,600,10.664,12.5,7.2,0.964,600,8.757,11.7,4.9,1.323,600,5.768,10.3,0.4,1.374,600,201.0635,3.0961,600,198.2546,3.1817,600,198.5842,3.0969,600,194.8616,5.2804,600,86.1650,86.71,85.47,0.2826,600,82.8022,83.12,82.28,0.1721,600,29.37406,29.455,29.290,0.05127,600,29.74410,29.794,29.690,0.03658,600,990.5330,991.72,990.00,0.2335,600,1001.1284,1001.46,1000.80,0.0864,600,366.6685,760.44,306.90,83.9706,600,1.669458,1.7506,1.5969,0.020966,600,1.652310,1.7188,1.5781,0.021513,600,0.5937406,0.59455,0.59290,0.0005127,600,0.861650,0.8671,0.8547,0.002826,600,0.5974410,0.59794,0.59690,0.0003658,600,0.828022,0.8312,0.8228,0.001721,600,2.032807,2.0377,2.0306,0.000957,600,1.655752,1.7151,1.5898,0.021025,600,1.629800,1.8000,1.4747,0.035784,600,2.076248,2.0776,2.0749,0.000354,600,0.2291678,0.47527,0.19182,0.0524816,600,14.93,18,13,0.92,600,15.09,19,13,0.92,600,14.96,18,13,0.85,600,15.03,18,12,0.93,600,14.71,18,10,1.10,600,13.54,16,9,1.27,600,11.07,15,6,1.74,600,7.05,13,0,1.82,600,14.1351,14.42,13.92,19.97,23,16,31.00,348936
2026-07-07 08:40:00,11.868,13.3,9.4,0.792,600,12.008,14.0,9.4,0.810,600,11.963,13.3,9.5,0.681,600,12.209,14.0,10.2,0.638,600,12.018,14.1,9.5,0.658,600,11.517,14.0,8.7,0.897,600,9.520,13.3,5.7,1.382,600,6.532,11.0,0.4,1.606,600,201.6953,3.9320,600,198.2863,3.2490,600,198.4133,2.8594,600,194.4629,4.4100,600,86.0136,86.61,85.30,0.2635,600,82.3619,83.18,81.64,0.3966,600,29.43668,29.492,29.354,0.03847,600,30.01379,30.143,29.787,0.10693,600,990.5733,991.88,990.08,0.2852,600,1001.1603,1001.62,1000.80,0.0932,600,712.8067,850.24,519.17,75.0174,600,1.673734,1.8037,1.5945,0.026634,600,1.652525,1.7419,1.5982,0.021969,600,0.5943668,0.59492,0.59354,0.0003847,600,0.860136,0.8661,0.8530,0.002635,600,0.6001379,0.60143,0.59787,0.0010693,600,0.823619,0.8318,0.8164,0.003966,600,2.032972,2.0383,2.0309,0.001169,600,1.654596,1.7339,1.6110,0.019414,600,1.627077,1.7292,1.5284,0.029866,600,2.076379,2.0783,2.0749,0.000382,600,0.4455042,0.53140,0.32448,0.0468859,600,15.18,17,12,1.04,600,15.37,18,12,1.07,600,15.27,17,12,0.90,600,15.59,18,13,0.84,600,15.33,18,12,0.86,600,14.67,18,11,1.18,600,12.08,17,7,1.82,600,8.07,14,0,2.13,600,14.0738,14.34,13.91,20.25,23,18,31.07,349013
2026-07-07 08:50:00,12.113,14.8,10.2,0.704,600,12.256,14.0,10.2,0.715,600,12.039,14.0,10.2,0.713,600,12.159,14.0,8.7,0.766,600,11.651,14.8,8.0,0.890,600,10.526,13.3,5.7,1.382,600,9.002,12.5,4.2,1.526,600,6.515,11.0,2.7,1.450,600,200.3384,2.9105,600,197.5304,3.0454,600,197.8581,2.9704,600,194.9386,5.9168,600,86.8231,87.41,86.11,0.3167,600,81.6268,82.48,81.00,0.3885,600,29.34334,29.398,29.307,0.02867,600,30.23023,30.284,30.136,0.04441,600,990.5504,991.80,990.00,0.2385,600,1001.1097,1001.38,1000.80,0.0890,600,702.1787,855.72,487.21,104.1412,600,1.664553,1.7429,1.6043,0.019709,600,1.647420,1.7208,1.5945,0.020593,600,0.5934334,0.59398,0.59307,0.0002867,600,0.868231,0.8741,0.8611,0.003167,600,0.6023023,0.60284,0.60136,0.0004441,600,0.816268,0.8248,0.8100,0.003885,600,2.032878,2.0380,2.0306,0.000978,600,1.650829,1.7503,1.5878,0.020170,600,1.630280,1.7610,1.4415,0.040096,600,2.076172,2.0773,2.0749,0.000365,600,0.4388617,0.53483,0.30451,0.0650882,600,15.50,19,13,0.92,600,15.70,18,13,0.94,600,15.37,18,13,0.94,600,15.53,18,11,1.00,600,14.85,19,10,1.17,600,13.36,17,7,1.82,600,11.39,16,5,2.01,600,8.04,14,3,1.92,600,14.0503,14.33,13.90,20.28,22,18,31.68,349090
2026-07-07 09:00:00,12.342,14.0,10.2,0.639,600,12.479,14.0,10.2,0.685,600,12.181,14.0,10.2,0.636,600,12.216,14.0,9.5,0.697,600,11.876,14.1,8.0,0.840,600,11.012,14.0,7.2,1.000,600,9.221,12.5,5.7,1.419,600,6.176,10.3,0.4,1.605,600,199.0444,3.0493,600,196.1386,3.2102,600,196.6742,3.0016,600,193.4521,5.6874,600,87.4266,87.92,86.74,0.2361,600,82.2141,82.98,80.97,0.4323,600,29.29474,29.398,29.226,0.05389,600,30.08850,30.354,29.972,0.10572,600,990.5179,991.80,990.00,0.2928,600,1001.0507,1001.62,1000.72,0.1021,600,688.6936,936.99,442.69,137.2124,600,1.655800,1.7228,1.5865,0.020649,600,1.638014,1.7238,1.5304,0.021710,600,0.5929474,0.59398,0.59226,0.0005389,600,0.874266,0.8792,0.8674,0.002361,600,0.6008850,0.60354,0.59972,0.0010572,600,0.822141,0.8298,0.8097,0.004323,600,2.032745,2.0380,2.0306,0.001200,600,1.642795,1.7050,1.5751,0.020378,600,1.620239,1.7731,1.5029,0.038529,600,2.075930,2.0783,2.0746,0.000419,600,0.4304335,0.58562,0.27668,0.0857577,600,15.80,18,13,0.84,600,15.99,18,13,0.90,600,15.55,18,13,0.84,600,15.60,18,12,0.91,600,15.14,18,10,1.10,600,14.01,18,9,1.32,600,11.68,16,7,1.87,600,7.59,13,0,2.13,600,14.0429,14.30,13.87,20.33,24,18,32.00,349167
2026-07-07 09:10:00,12.824,15.5,10.2,0.826,600,12.927,14.8,10.2,0.820,600,12.549,14.8,10.2,0.838,600,12.468,14.8,8.7,1.043,600,11.975,14.8,8.0,1.144,600,11.305,14.0,7.2,1.345,600,9.744,14.0,4.2,1.680,600,6.775,12.5,3.5,1.570,600,198.0253,3.5355,600,196.3018,3.7223,600,197.5568,4.0003,600,195.1388,5.8780,600,86.7730,87.58,85.74,0.4455,600,80.2836,81.10,79.06,0.4990,600,29.49436,29.572,29.394,0.04620,600,30.45785,30.529,30.351,0.04650,600,990.4255,991.63,989.59,0.2300,600,1000.9529,1001.30,1000.64,0.1045,600,631.2432,929.20,394.35,160.5765,600,1.648899,1.7097,1.5700,0.023943,600,1.639119,1.7177,1.5657,0.025171,600,0.5949436,0.59572,0.59394,0.0004620,600,0.867730,0.8758,0.8574,0.004455,600,0.6045785,0.60529,0.60351,0.0004650,600,0.802836,0.8110,0.7906,0.004990,600,2.032366,2.0373,2.0289,0.000943,600,1.648787,1.7725,1.5559,0.027169,600,1.631655,1.7678,1.5130,0.039817,600,2.075529,2.0769,2.0742,0.000428,600,0.3945270,0.58075,0.24647,0.1003603,600,16.43,20,13,1.09,600,16.59,19,13,1.08,600,16.04,19,13,1.10,600,15.93,19,11,1.37,600,15.27,19,10,1.50,600,14.39,18,9,1.77,600,12.37,18,5,2.21,600,8.39,16,4,2.08,600,14.0496,14.34,13.87,20.31,22,18,32.13,349244
2026-07-07 09:20:00,13.489,15.5,10.2,0.992,600,13.579,15.5,11.0,1.000,600,13.398,15.6,10.2,1.010,600,13.414,15.6,10.2,1.110,600,12.951,15.6,10.2,1.078,600,12.082,14.8,8.0,1.281,600,10.206,14.0,4.9,1.663,600,7.108,12.5,3.5,1.570,600,201.7792,3.4516,600,199.5654,3.3588,600,200.9952,3.4207,600,199.7678,5.5988,600,85.6960,86.78,84.36,0.6111,600,80.1771,81.34,78.62,0.6386,600,29.63217,29.787,29.535,0.07447,600,30.34983,30.660,30.237,0.12142,600,990.3739,991.80,989.75,0.2601,600,1000.9206,1001.21,1000.56,0.1115,600,738.4410,1092.32,392.73,297.3407,600,1.674292,1.7375,1.5905,0.023374,600,1.661153,1.7208,1.5660,0.022714,600,0.5963217,0.59787,0.59535,0.0007447,600,0.856960,0.8678,0.8436,0.006111,600,0.6034983,0.60660,0.60237,0.0012142,600,0.801771,0.8134,0.7862,0.006386,600,2.032154,2.0380,2.0296,0.001066,600,1.672093,1.7523,1.5892,0.023228,600,1.662953,1.8285,1.5214,0.037942,600,2.075396,2.0766,2.0739,0.000457,600,0.4615256,0.68270,0.24546,0.1858379,600,17.31,20,13,1.30,600,17.44,20,14,1.32,600,17.16,20,13,1.33,600,17.17,20,13,1.45,600,16.55,20,13,1.41,600,15.42,19,10,1.69,600,12.98,18,6,2.19,600,8.83,16,4,2.08,600,14.0600,14.36,13.87,20.27,23,18,32.35,349321
2026-07-07 09:30:00,12.830,14.8,11.0,0.699,600,12.954,14.8,11.0,0.691,600,12.784,14.8,11.0,0.709,600,12.764,14.8,10.2,0.796,600,12.336,14.8,8.7,0.897,600,11.436,14.0,7.2,1.188,600,9.768,13.3,4.9,1.764,600,6.887,11.8,2.0,1.713,600,199.6545,2.9470,600,197.0172,3.3767,600,197.5523,3.3900,600,196.0234,6.1082,600,85.5337,86.58,84.63,0.4427,600,79.5678,80.70,78.59,0.4781,600,29.67506,29.784,29.522,0.07178,600,30.77065,30.821,30.656,0.04503,600,990.4769,991.88,989.83,0.2800,600,1000.9545,1001.30,1000.64,0.1101,600,880.8850,1126.69,454.45,239.2609,600,1.659926,1.7298,1.6009,0.019955,600,1.643954,1.7610,1.5818,0.022836,600,0.5967506,0.59784,0.59522,0.0007178,600,0.855337,0.8658,0.8463,0.004427,600,0.6077065,0.60821,0.60656,0.0004503,600,0.795678,0.8070,0.7859,0.004781,600,2.032577,2.0383,2.0299,0.001148,600,1.648751,1.7278,1.5616,0.023017,600,1.637622,1.7822,1.4606,0.041395,600,2.075536,2.0769,2.0742,0.000452,600,0.5505531,0.70418,0.28403,0.1495380,600,16.44,19,14,0.92,600,16.62,19,14,0.91,600,16.35,19,14,0.93,600,16.32,19,13,1.04,600,15.74,19,11,1.18,600,14.56,18,9,1.57,600,12.40,17,6,2.33,600,8.54,15,2,2.27,600,14.0393,14.34,13.88,20.32,23,18,32.65,349398
2026-07-07 09:40:00,13.241,14.8,11.0,0.700,600,13.307,15.5,11.7,0.705,600,13.261,15.6,11.0,0.742,600,13.390,15.6,11.0,0.809,600,12.951,14.8,10.2,0.925,600,11.926,15.6,6.5,1.406,600,9.902,14.8,4.9,1.733,600,6.776,11.8,0.4,1.635,600,202.3936,3.1047,600,200.0612,3.2777,600,200.6329,3.4620,600,197.9322,5.6295,600,86.1977,86.64,85.43,0.1942,600,80.5059,81.47,79.12,0.6405,600,29.53521,29.579,29.451,0.02995,600,30.42785,30.697,30.220,0.11831,600,990.4319,991.88,989.83,0.2680,600,1000.9818,1001.30,1000.64,0.0992,600,436.5271,571.48,380.22,49.9315,600,1.678455,1.7325,1.6221,0.021023,600,1.664513,1.7268,1.6070,0.022162,600,0.5953521,0.59579,0.59451,0.0002995,600,0.861977,0.8664,0.8543,0.001942,600,0.6042785,0.60697,0.60220,0.0011831,600,0.805059,0.8147,0.7912,0.006405,600,2.032392,2.0383,2.0299,0.001099,600,1.669646,1.7466,1.5754,0.023508,600,1.650533,1.7872,1.4707,0.038148,600,2.075647,2.0769,2.0742,0.000407,600,0.2728294,0.35718,0.23764,0.0312072,600,16.98,19,14,0.92,600,17.09,20,15,0.93,600,16.98,20,14,0.98,600,17.14,20,14,1.06,600,16.55,19,13,1.21,600,15.21,20,8,1.86,600,12.58,19,6,2.28,600,8.39,15,0,2.17,600,14.0635,14.36,13.80,28.86,79,15,32.95,349475
2026-07-07 09:50:00,13.635,15.5,11.7,0.622,600,13.768,15.5,11.7,0.612,600,13.560,15.6,11.0,0.743,600,13.562,15.6,11.0,0.868,600,13.031,14.8,9.5,0.932,600,11.912,14.8,8.0,1.295,600,10.299,14.0,5.7,1.624,600,7.273,12.5,3.5,1.830,600,200.8194,2.9112,600,197.6344,2.8198,600,198.2241,2.7445,600,196.1311,5.7363,600,86.9918,87.78,86.31,0.3783,600,82.4103,83.29,81.20,0.5683,600,29.33923,29.458,29.260,0.04833,600,30.00357,30.220,29.898,0.09381,600,990.4855,991.72,989.92,0.2791,600,1001.0344,1001.46,1000.72,0.1003,600,520.9830,982.96,388.76,164.6377,600,1.667807,1.7271,1.6160,0.019713,600,1.648118,1.7006,1.5821,0.019065,600,0.5933923,0.59458,0.59260,0.0004833,600,0.869918,0.8778,0.8631,0.003783,600,0.6000357,0.60220,0.59898,0.0009381,600,0.824103,0.8329,0.8120,0.005683,600,2.032612,2.0377,2.0303,0.001144,600,1.653303,1.7141,1.5647,0.018634,600,1.638367,1.7943,1.5056,0.038868,600,2.075863,2.0776,2.0746,0.000411,600,0.3256144,0.61435,0.24297,0.1028985,600,17.50,20,15,0.82,600,17.69,20,15,0.81,600,17.37,20,14,0.98,600,17.36,20,14,1.14,600,16.66,19,12,1.22,600,15.19,19,10,1.71,600,13.10,18,7,2.14,600,9.05,16,4,2.42,600,13.7656,14.12,13.50,75.00,85,58,33.61,349554
2026-07-07 10:00:00,12.852,15.5,11.0,0.737,600,13.012,15.5,11.0,0.755,600,12.639,14.8,10.2,0.776,600,12.502,14.8,9.5,0.895,600,11.974,14.8,8.7,1.046,600,10.944,13.3,7.2,1.238,600,9.337,13.3,4.9,1.719,600,6.674,11.8,3.5,1.553,600,198.5412,2.7832,600,195.5521,3.1241,600,196.4125,3.0987,600,195.9385,5.7344,600,87.6705,88.32,86.98,0.2285,600,82.5592,83.39,81.77,0.3917,600,29.30396,29.371,29.210,0.04889,600,30.04244,30.092,29.951,0.04630,600,990.4426,991.72,989.83,0.2546,600,1000.9908,1001.21,1000.56,0.0988,600,509.6345,738.58,427.06,72.2609,600,1.652394,1.7104,1.5929,0.018847,600,1.634050,1.7083,1.5301,0.021127,600,0.5930396,0.59371,0.59210,0.0004889,600,0.876705,0.8832,0.8698,0.002285,600,0.6004244,0.60092,0.59951,0.0004630,600,0.825592,0.8339,0.8177,0.003917,600,2.032436,2.0377,2.0299,0.001044,600,1.641015,1.6979,1.5277,0.021042,600,1.637029,1.7513,1.4384,0.038867,600,2.075684,2.0766,2.0739,0.000405,600,0.3185216,0.46161,0.26691,0.0451631,600,16.47,20,14,0.97,600,16.70,20,14,0.99,600,16.16,19,13,1.02,600,15.98,19,12,1.17,600,15.27,19,11,1.37,600,13.91,17,9,1.63,600,11.84,17,6,2.27,600,8.26,15,4,2.06,600,13.7695,14.06,13.49,75.74,89,73,33.97,349631
2026-07-07 10:10:00,11.999,14.8,9.4,1.040,600,12.123,14.8,8.7,1.073,600,11.877,14.0,8.7,1.188,600,11.885,14.0,7.9,1.345,600,11.239,14.1,8.0,1.486,600,10.036,13.3,5.7,1.637,600,8.793,12.5,4.2,1.874,600,6.135,11.0,0.4,1.787,600,200.0411,3.1269,600,197.2841,3.1592,600,198.0855,3.4837,600,195.9752,6.2080,600,87.6585,88.46,86.78,0.3819,600,82.8669,83.99,82.14,0.4675,600,29.40727,29.475,29.341,0.03445,600,30.08921,30.126,30.062,0.01192,600,990.4113,991.72,989.92,0.2293,600,1000.9618,1001.30,1000.64,0.0946,600,436.5622,655.81,373.18,59.0765,600,1.662538,1.7211,1.5851,0.021175,600,1.645750,1.7090,1.5677,0.021362,600,0.5940727,0.59475,0.59341,0.0003445,600,0.876585,0.8846,0.8678,0.003819,600,0.6008921,0.60126,0.60062,0.0001192,600,0.828669,0.8399,0.8214,0.004675,600,2.032308,2.0377,2.0303,0.000940,600,1.652367,1.7409,1.5576,0.023658,600,1.637304,1.7819,1.4925,0.042058,600,2.075565,2.0769,2.0742,0.000388,600,0.2728514,0.40988,0.23324,0.0369228,600,15.35,19,12,1.37,600,15.53,19,11,1.41,600,15.15,18,11,1.56,600,15.17,18,10,1.76,600,14.30,18,10,1.95,600,12.72,17,7,2.16,600,11.12,16,5,2.47,600,7.54,14,0,2.37,600,13.7821,14.12,13.49,75.57,90,72,33.99,349708
2026-07-07 10:20:00,11.772,14.0,9.4,0.803,600,11.932,14.0,10.2,0.810,600,11.806,14.0,9.5,0.805,600,11.905,14.0,9.5,0.799,600,11.594,14.1,8.0,0.950,600,10.789,13.3,7.2,1.183,600,9.012,12.5,4.9,1.486,600,6.311,11.0,3.5,1.501,600,198.4929,3.5139,600,195.4321,3.4221,600,196.4063,3.4138,600,194.1237,6.2814,600,87.7645,88.32,87.11,0.2342,600,82.5044,83.49,81.67,0.4059,600,29.48043,29.589,29.414,0.05536,600,30.17371,30.314,30.123,0.04250,600,990.5568,991.80,990.00,0.2759,600,1001.0686,1001.46,1000.72,0.1149,600,514.1420,1042.26,348.26,202.6158,600,1.652071,1.7198,1.5751,0.023797,600,1.633242,1.7114,1.5496,0.023141,600,0.5948043,0.59589,0.59414,0.0005536,600,0.877645,0.8832,0.8711,0.002342,600,0.6017371,0.60314,0.60123,0.0004250,600,0.825044,0.8349,0.8167,0.004059,600,2.032904,2.0380,2.0306,0.001131,600,1.640978,1.7201,1.5640,0.023178,600,1.624797,1.7765,1.4911,0.042571,600,2.076003,2.0776,2.0746,0.000471,600,0.3213387,0.65141,0.21766,0.1266349,600,15.05,18,12,1.05,600,15.27,18,13,1.07,600,15.06,18,12,1.06,600,15.19,18,12,1.05,600,14.77,18,10,1.25,600,13.71,17,9,1.56,600,11.41,16,6,1.96,600,7.78,14,4,1.99,600,13.7804,14.08,13.48,75.37,79,73,34.00,349785
2026-07-07 10:30:00,12.598,14.0,11.0,0.515,600,12.783,14.0,11.7,0.531,600,12.602,14.0,11.0,0.581,600,12.678,14.0,10.2,0.676,600,12.211,14.1,9.5,0.753,600,11.552,14.0,7.2,1.048,600,9.650,13.3,4.9,1.715,600,6.641,11.0,0.4,1.733,600,197.1268,2.4952,600,194.5140,2.7446,600,194.9583,2.7851,600,191.1486,5.2181,600,87.2460,87.78,86.91,0.1572,600,81.6396,82.71,80.94,0.3719,600,29.56484,29.690,29.505,0.03586,600,30.35053,30.425,30.294,0.04040,600,990.5559,991.88,990.00,0.2379,600,1001.1246,1001.54,1000.80,0.1010,600,698.9615,1189.11,445.75,176.3345,600,1.642823,1.6815,1.5684,0.016897,600,1.627037,1.6862,1.5482,0.018560,600,0.5956484,0.59690,0.59505,0.0003586,600,0.872460,0.8778,0.8691,0.001572,600,0.6035053,0.60425,0.60294,0.0004040,600,0.816396,0.8271,0.8094,0.003719,600,2.032901,2.0383,2.0306,0.000975,600,1.631156,1.7077,1.5593,0.018911,600,1.604660,1.7389,1.4750,0.035357,600,2.076233,2.0779,2.0749,0.000414,600,0.4368509,0.74319,0.27859,0.1102091,600,16.14,18,14,0.68,600,16.39,18,15,0.70,600,16.11,18,14,0.77,600,16.21,18,13,0.89,600,15.58,18,12,0.99,600,14.72,18,9,1.38,600,12.25,17,6,2.26,600,8.21,14,0,2.30,600,13.7505,14.09,13.50,75.57,79,73,34.00,349862
2026-07-07 10:40:00,12.434,14.0,10.2,0.706,600,12.577,14.0,10.2,0.687,600,12.359,14.0,11.0,0.714,600,12.351,14.0,9.5,0.823,600,11.863,14.1,8.7,1.031,600,11.055,14.8,6.5,1.238,600,9.385,13.3,4.9,1.634,600,6.781,10.3,3.5,1.628,600,197.4997,3.1078,600,194.8803,3.0854,600,195.4628,3.5095,600,192.3106,6.2364,600,86.6538,87.55,86.14,0.3240,600,80.4809,82.41,79.39,0.6400,600,29.64297,29.760,29.525,0.07563,600,30.67972,30.834,30.408,0.11519,600,990.5161,991.96,990.00,0.2673,600,1001.0434,1001.46,1000.72,0.1051,600,963.0086,1223.48,438.82,292.7255,600,1.645347,1.7167,1.5687,0.021047,600,1.629514,1.6882,1.5627,0.020862,600,0.5964297,0.59760,0.59525,0.0007563,600,0.866538,0.8755,0.8614,0.003240,600,0.6067972,0.60834,0.60408,0.0011519,600,0.804809,0.8241,0.7939,0.006400,600,2.032737,2.0387,2.0306,0.001096,600,1.634578,1.7067,1.5452,0.023829,600,1.612500,1.7731,1.3760,0.042286,600,2.075900,2.0776,2.0746,0.000431,600,0.6018803,0.76468,0.27426,0.1829535,600,15.92,18,13,0.93,600,16.12,18,13,0.91,600,15.79,18,14,0.94,600,15.78,18,12,1.08,600,15.12,18,11,1.35,600,14.06,19,8,1.63,600,11.90,17,6,2.15,600,8.40,13,4,2.16,600,13.7231,14.03,13.52,75.69,79,71,34.13,349939
2026-07-07 10:50:00,13.258,15.5,11.7,0.714,600,13.403,15.5,11.7,0.736,600,13.309,15.6,11.0,0.691,600,13.371,14.8,11.0,0.750,600,13.037,15.6,9.5,0.873,600,12.344,14.8,8.0,1.223,600,10.699,14.8,6.4,1.578,600,7.487,13.3,3.5,1.857,600,198.3297,2.4504,600,195.8974,2.7092,600,196.5526,2.8145,600,194.6102,5.1915,600,86.7611,87.38,86.14,0.2616,600,80.5371,81.37,79.76,0.3627,600,29.54706,29.633,29.468,0.05126,600,30.52404,30.606,30.408,0.07086,600,990.5624,991.80,990.00,0.2856,600,1001.0809,1001.62,1000.64,0.1087,600,762.4842,1214.89,403.64,292.2146,600,1.650962,1.7073,1.5499,0.016595,600,1.636384,1.6996,1.5690,0.018319,600,0.5954706,0.59633,0.59468,0.0005126,600,0.867611,0.8738,0.8614,0.002616,600,0.6052404,0.60606,0.60408,0.0007086,600,0.805371,0.8137,0.7976,0.003627,600,2.032927,2.0380,2.0306,0.001171,600,1.641967,1.6922,1.5603,0.019108,600,1.628079,1.7718,1.4207,0.035190,600,2.076054,2.0783,2.0742,0.000446,600,0.4765526,0.75930,0.25227,0.1826341,600,17.00,20,15,0.94,600,17.21,20,15,0.97,600,17.04,20,14,0.91,600,17.11,19,14,0.98,600,16.66,20,12,1.15,600,15.76,19,10,1.61,600,13.63,19,8,2.08,600,9.33,17,4,2.46,600,13.7305,14.02,13.50,75.72,81,72,34.61,350016
2026-07-07 11:00:00,13.046,14.8,10.2,0.842,600,13.212,15.5,10.2,0.838,600,13.001,14.8,9.5,0.990,600,13.045,15.6,10.2,1.008,600,12.593,15.6,9.5,1.140,600,11.699,15.6,7.2,1.486,600,9.860,14.0,5.7,1.677,600,6.460,12.5,0.4,1.788,600,195.3947,3.1036,600,193.1317,3.0203,600,193.7831,3.1333,600,191.3016,5.8884,600,87.2157,88.39,85.97,0.6833,600,82.0096,83.49,80.06,0.9680,600,29.41027,29.549,29.307,0.07342,600,30.17935,30.411,30.025,0.12508,600,990.5201,991.80,989.83,0.2363,600,1001.1007,1001.62,1000.56,0.1012,600,512.0600,1146.08,340.37,225.3701,600,1.631107,1.7010,1.5593,0.021019,600,1.617702,1.6775,1.5452,0.020423,600,0.5941027,0.59549,0.59307,0.0007342,600,0.872157,0.8839,0.8597,0.006833,600,0.6017935,0.60411,0.60025,0.0012508,600,0.820096,0.8349,0.8006,0.009680,600,2.032754,2.0380,2.0299,0.000969,600,1.623186,1.6922,1.5402,0.021274,600,1.605709,1.7503,1.4660,0.039897,600,2.076135,2.0783,2.0739,0.000415,600,0.3200375,0.71630,0.21273,0.1408563,600,16.73,19,13,1.11,600,16.96,20,13,1.10,600,16.64,19,12,1.30,600,16.69,20,13,1.32,600,16.08,20,12,1.50,600,14.91,20,9,1.96,600,12.53,18,7,2.21,600,7.97,16,0,2.37,600,13.7708,14.07,13.47,75.35,78,73,34.64,350093
2026-07-07 11:10:00,13.333,15.5,11.7,0.753,600,13.480,15.5,11.7,0.746,600,13.352,15.6,11.0,0.707,600,13.468,15.6,11.0,0.743,600,13.149,15.6,11.0,0.793,600,12.460,14.8,8.7,1.166,600,10.811,14.0,5.7,1.621,600,7.373,11.8,2.7,1.645,600,198.1891,2.6268,600,196.0727,2.6870,600,197.1577,2.8488,600,195.0975,4.8242,600,86.7003,87.72,85.97,0.4143,600,81.4652,82.58,80.80,0.3442,600,29.62906,29.693,29.461,0.06194,600,30.30780,30.388,30.183,0.05833,600,990.5040,991.72,989.67,0.2885,600,1001.0359,1001.54,1000.64,0.1089,600,423.9344,691.80,345.15,69.7648,600,1.650010,1.6973,1.5962,0.017787,600,1.637567,1.6956,1.5566,0.018170,600,0.5962906,0.59693,0.59461,0.0006194,600,0.867003,0.8772,0.8597,0.004143,600,0.6030780,0.60388,0.60183,0.0005833,600,0.814652,0.8258,0.8080,0.003442,600,2.032688,2.0377,2.0293,0.001183,600,1.646070,1.7036,1.5697,0.019343,600,1.631373,1.7349,1.4888,0.032679,600,2.075869,2.0779,2.0742,0.000447,600,0.2649590,0.43237,0.21572,0.0436030,600,17.10,20,15,0.99,600,17.31,20,15,0.98,600,17.10,20,14,0.93,600,17.24,20,14,0.97,600,16.81,20,14,1.04,600,15.92,19,11,1.54,600,13.78,18,7,2.14,600,9.18,15,3,2.18,600,13.7950,14.08,13.53,75.18,78,72,34.50,350170
2026-07-07 11:20:00,13.241,14.8,11.0,0.776,600,13.390,15.5,11.0,0.808,600,13.237,15.6,11.0,0.847,600,13.382,14.8,11.0,0.839,600,13.083,14.8,10.2,0.914,600,12.813,15.6,8.7,1.359,600,11.230,14.8,4.9,1.623,600,7.550,12.5,3.5,1.760,600,200.0148,2.3123,600,197.4960,2.6168,600,198.4118,2.9010,600,196.3190,4.3034,600,86.9629,87.72,86.41,0.3188,600,82.1054,83.22,80.94,0.5894,600,29.50494,29.596,29.327,0.08005,600,30.19201,30.327,30.069,0.09559,600,990.3605,991.55,989.83,0.2381,600,1000.9511,1001.30,1000.31,0.1261,600,862.5882,1228.10,388.01,287.9482,600,1.662361,1.7000,1.6026,0.015657,600,1.647182,1.6922,1.5922,0.017693,600,0.5950494,0.59596,0.59327,0.0008005,600,0.869629,0.8772,0.8641,0.003188,600,0.6019201,0.60327,0.60069,0.0009559,600,0.821054,0.8322,0.8094,0.005894,600,2.032100,2.0370,2.0299,0.000976,600,1.654578,1.7255,1.5593,0.019698,600,1.639615,1.7359,1.4905,0.029158,600,2.075522,2.0769,2.0729,0.000517,600,0.5391176,0.76756,0.24250,0.1799676,600,16.98,19,14,1.02,600,17.20,20,14,1.07,600,16.95,20,14,1.12,600,17.13,19,14,1.10,600,16.72,19,13,1.20,600,16.38,20,11,1.79,600,14.33,19,6,2.14,600,9.41,16,4,2.33,600,13.7477,14.07,13.50,75.50,80,73,34.21,350247
2026-07-07 11:30:00,13.732,15.5,11.7,0.680,600,13.896,15.5,11.7,0.691,600,13.402,15.6,10.2,0.838,600,13.279,15.6,9.5,0.948,600,12.623,15.6,8.0,1.108,600,11.438,14.0,7.2,1.352,600,9.682,14.0,4.9,1.651,600,6.922,11.0,3.5,1.613,600,199.1111,2.4445,600,196.5774,2.7502,600,197.0032,3.4100,600,194.5582,5.8838,600,88.1434,88.69,87.38,0.2486,600,81.9339,82.98,80.70,0.4962,600,29.24364,29.330,29.163,0.05027,600,30.33802,30.485,30.019,0.13369,600,990.3420,991.72,989.75,0.2554,600,1000.9129,1001.30,1000.48,0.1163,600,605.2169,1168.11,279.57,357.5974,600,1.656244,1.7036,1.5690,0.016557,600,1.640976,1.6966,1.5627,0.018596,600,0.5924364,0.59330,0.59163,0.0005027,600,0.881434,0.8869,0.8738,0.002486,600,0.6033802,0.60485,0.60019,0.0013369,600,0.819339,0.8298,0.8070,0.004962,600,2.032024,2.0377,2.0296,0.001047,600,1.645015,1.7540,1.4918,0.023169,600,1.627732,1.7889,1.4885,0.039876,600,2.075365,2.0769,2.0736,0.000477,600,0.3782606,0.73007,0.17473,0.2234984,600,17.63,20,15,0.89,600,17.86,20,15,0.91,600,17.16,20,13,1.10,600,17.00,20,12,1.24,600,16.12,20,10,1.45,600,14.57,18,9,1.78,600,12.29,18,6,2.18,600,8.58,14,4,2.14,600,13.7834,14.12,13.54,75.38,79,73,34.12,350324
2026-07-07 11:40:00,12.815,14.8,11.0,0.696,600,12.934,14.8,11.0,0.682,600,12.548,14.0,11.0,0.643,600,12.505,14.0,11.0,0.668,600,12.122,14.1,9.5,0.774,600,11.607,14.0,7.2,1.059,600,9.896,13.3,4.9,1.554,600,6.889,11.8,2.7,1.593,600,199.7445,3.3117,600,197.6093,3.7989,600,198.6735,4.0339,600,195.3967,5.3714,600,88.2587,89.03,87.15,0.4630,600,83.0462,83.76,82.45,0.2866,600,29.39863,29.622,29.186,0.16132,600,29.98236,30.089,29.894,0.06561,600,990.1754,991.47,989.51,0.2914,600,1000.7440,1001.54,1000.40,0.1070,600,300.5944,356.10,235.84,38.7317,600,1.660529,1.7238,1.5825,0.022427,600,1.647945,1.7255,1.5667,0.025689,600,0.5939863,0.59622,0.59186,0.0016132,600,0.882587,0.8903,0.8715,0.004630,600,0.5998236,0.60089,0.59894,0.0006561,600,0.830462,0.8376,0.8245,0.002866,600,2.031340,2.0367,2.0286,0.001195,600,1.656343,1.7248,1.5422,0.027396,600,1.633378,1.7661,1.5120,0.036385,600,2.074672,2.0779,2.0732,0.000439,600,0.1878715,0.22256,0.14740,0.0242073,600,16.42,19,14,0.91,600,16.59,19,14,0.90,600,16.04,18,14,0.85,600,15.98,18,14,0.88,600,15.46,18,12,1.02,600,14.79,18,9,1.40,600,12.57,17,6,2.05,600,8.54,15,3,2.11,600,13.8218,14.14,13.53,75.03,78,72,34.05,350401
2026-07-07 11:50:00,13.050,16.3,9.4,1.314,600,13.173,16.3,10.2,1.334,600,12.893,15.6,10.2,1.195,600,12.870,15.6,9.5,1.184,600,12.523,15.6,9.5,1.149,600,11.732,14.8,8.0,1.229,600,9.999,14.0,4.9,1.488,600,6.929,12.5,3.5,1.628,600,198.8687,3.0548,600,196.6876,3.2427,600,197.9627,3.2201,600,196.1175,5.7915,600,87.4187,87.88,86.91,0.2513,600,82.4841,83.32,80.90,0.5229,600,29.51110,29.629,29.418,0.07158,600,30.15513,30.438,30.039,0.12883,600,989.9843,991.23,989.18,0.2432,600,1000.5583,1001.05,1000.15,0.1303,600,769.5082,1175.41,242.99,313.0063,600,1.654607,1.7094,1.5643,0.020687,600,1.641721,1.7013,1.5566,0.021926,600,0.5951110,0.59629,0.59418,0.0007158,600,0.874187,0.8788,0.8691,0.002513,600,0.6015513,0.60438,0.60039,0.0012883,600,0.824841,0.8332,0.8090,0.005229,600,2.030557,2.0356,2.0273,0.000997,600,1.651526,1.7077,1.5452,0.021867,600,1.638299,1.7976,1.5026,0.039238,600,2.073911,2.0759,2.0722,0.000534,600,0.4809426,0.73463,0.15187,0.1956289,600,16.73,21,12,1.73,600,16.91,21,13,1.76,600,16.49,20,13,1.57,600,16.46,20,12,1.55,600,15.99,20,12,1.51,600,14.96,19,10,1.62,600,12.71,18,6,1.96,600,8.59,16,4,2.16,600,13.8128,14.11,13.54,75.17,78,72,34.01,350478
2026-07-07 12:00:00,14.235,15.5,12.5,0.650,600,14.373,16.3,12.5,0.669,600,13.890,15.6,11.0,0.748,600,13.649,16.3,9.5,0.904,600,13.083,15.6,10.2,0.943,600,11.809,15.6,8.0,1.425,600,9.844,14.0,4.2,1.790,600,7.109,12.5,3.5,1.640,600,199.8302,2.3272,600,197.6183,2.5428,600,198.7204,3.0837,600,196.3151,5.7001,600,87.6821,88.19,87.28,0.1820,600,81.1661,82.11,79.53,0.4883,600,29.41371,29.461,29.377,0.02014,600,30.58631,30.703,30.438,0.07460,600,989.8638,991.31,989.26,0.2988,600,1000.3839,1000.72,999.66,0.1144,600,1033.4180,1060.25,1013.42,11.0875,600,1.661114,1.7214,1.5925,0.015759,600,1.648010,1.7073,1.5915,0.017193,600,0.5941371,0.59461,0.59377,0.0002014,600,0.876821,0.8819,0.8728,0.001820,600,0.6058631,0.60703,0.60438,0.0007460,600,0.811661,0.8211,0.7953,0.004883,600,2.030063,2.0360,2.0276,0.001225,600,1.656675,1.7533,1.5885,0.020939,600,1.639577,1.7419,1.4378,0.038634,600,2.073196,2.0746,2.0702,0.000469,600,0.6458862,0.66266,0.63339,0.0069297,600,18.29,20,16,0.85,600,18.49,21,16,0.88,600,17.81,20,14,0.99,600,17.48,21,12,1.19,600,16.72,20,13,1.24,600,15.06,20,10,1.88,600,12.50,18,5,2.36,600,8.83,16,4,2.17,600,13.8253,14.17,13.55,75.20,81,73,34.00,350556
2026-07-07 12:10:00,13.460,15.5,11.7,0.811,600,13.593,15.5,11.7,0.830,600,13.271,14.8,11.8,0.723,600,13.382,15.6,11.0,0.784,600,12.956,15.6,10.2,0.958,600,11.945,15.6,7.2,1.561,600,10.137,14.8,4.9,1.918,600,6.791,12.5,2.7,1.841,600,199.9573,3.0446,600,197.7229,3.3725,600,198.2561,3.5850,600,196.2864,6.5425,600,87.1110,87.75,86.44,0.2990,600,80.2229,81.20,79.32,0.4431,600,29.56174,29.626,29.455,0.03901,600,30.66567,30.750,30.425,0.08979,600,989.7065,990.90,989.10,0.2547,600,1000.2881,1000.72,999.90,0.1164,600,588.2151,1123.63,231.23,376.4692,600,1.661973,1.7308,1.5932,0.020617,600,1.648715,1.7107,1.5744,0.022804,600,0.5956174,0.59626,0.59455,0.0003901,600,0.871110,0.8775,0.8644,0.002990,600,0.6066567,0.60750,0.60425,0.0008979,600,0.802229,0.8120,0.7932,0.004431,600,2.029418,2.0343,2.0269,0.001044,600,1.653526,1.7459,1.5734,0.024341,600,1.639444,1.8725,1.4042,0.044391,600,2.072803,2.0746,2.0712,0.000477,600,0.3676344,0.70227,0.14452,0.2352932,600,17.27,20,15,1.07,600,17.46,20,15,1.09,600,16.99,19,15,0.95,600,17.13,20,14,1.03,600,16.56,20,13,1.26,600,15.24,20,9,2.06,600,12.89,19,6,2.53,600,8.41,16,3,2.44,600,13.8269,14.14,13.50,75.10,78,72,34.03,350633
2026-07-07 12:20:00,13.816,16.3,11.7,0.781,600,13.972,16.3,11.7,0.779,600,13.428,15.6,11.0,0.839,600,13.187,15.6,10.2,0.904,600,12.375,14.8,9.5,1.037,600,11.165,15.6,6.5,1.602,600,9.562,14.0,4.2,1.810,600,6.825,11.8,2.0,1.607,600,198.7847,2.8214,600,196.8535,3.1764,600,198.2508,3.3390,600,197.2672,6.4736,600,87.1464,87.88,86.47,0.3403,600,81.8160,82.78,80.57,0.6645,600,29.36799,29.508,29.280,0.07261,600,30.07638,30.421,29.894,0.15317,600,989.6564,991.06,989.01,0.2893,600,1000.1921,1000.56,999.74,0.1109,600,252.5032,309.21,222.63,23.7205,600,1.654041,1.7167,1.5872,0.019106,600,1.642843,1.6976,1.5791,0.021477,600,0.5936799,0.59508,0.59280,0.0007261,600,0.871464,0.8788,0.8647,0.003403,600,0.6007638,0.60421,0.59894,0.0015317,600,0.818160,0.8278,0.8057,0.006645,600,2.029213,2.0350,2.0266,0.001186,600,1.653482,1.7251,1.5707,0.022671,600,1.646020,1.8047,1.4478,0.043877,600,2.072410,2.0739,2.0706,0.000455,600,0.1578145,0.19326,0.13914,0.0148253,600,17.74,21,15,1.03,600,17.96,21,15,1.03,600,17.20,20,14,1.11,600,16.87,20,13,1.18,600,15.79,19,12,1.36,600,14.21,20,8,2.11,600,12.13,18,5,2.39,600,8.46,15,2,2.13,600,13.8433,14.17,13.48,74.96,78,73,34.04,350710
2026-07-07 12:30:00,14.581,17.1,11.7,0.968,600,14.713,17.0,11.7,0.995,600,14.405,17.1,11.8,1.013,600,14.513,17.1,11.8,0.972,600,14.222,16.3,11.0,1.001,600,13.469,16.3,8.7,1.331,600,11.698,15.5,7.2,1.727,600,7.926,13.3,3.5,1.894,600,200.5541,3.2042,600,198.8212,3.2908,600,199.8331,3.4039,600,197.7377,4.8798,600,87.4166,87.88,87.08,0.1917,600,82.6909,83.65,81.81,0.4808,600,29.26000,29.337,29.132,0.06286,600,29.76301,29.904,29.488,0.11792,600,989.4659,990.82,988.77,0.2489,600,1000.0775,1000.48,999.74,0.1198,600,206.7337,232.84,187.50,16.1129,600,1.666010,1.7251,1.5956,0.021698,600,1.656133,1.7248,1.5768,0.022253,600,0.5926000,0.59337,0.59132,0.0006286,600,0.874166,0.8788,0.8708,0.001917,600,0.5976301,0.59904,0.59488,0.0011792,600,0.826909,0.8365,0.8181,0.004808,600,2.028432,2.0340,2.0256,0.001020,600,1.664218,1.7375,1.5999,0.023110,600,1.649221,1.7849,1.5308,0.033050,600,2.071940,2.0736,2.0706,0.000491,600,0.1292085,0.14552,0.11719,0.0100706,600,18.74,22,15,1.27,600,18.94,22,15,1.31,600,18.48,22,15,1.33,600,18.61,22,15,1.27,600,18.22,21,14,1.31,600,17.25,21,11,1.76,600,14.95,20,9,2.28,600,9.91,17,4,2.51,600,13.8638,14.18,13.52,74.82,80,71,33.99,350787
2026-07-07 12:40:00,15.222,17.1,12.5,0.816,600,15.418,17.0,13.2,0.816,600,15.110,17.1,11.8,1.104,600,15.160,17.9,11.0,1.217,600,14.605,17.1,11.0,1.277,600,13.626,17.1,8.7,1.571,600,11.769,16.3,6.4,1.934,600,7.804,13.3,3.5,1.694,600,198.8670,2.3973,600,196.9098,2.8355,600,198.1772,2.7360,600,196.3661,5.1758,600,87.8729,88.46,87.31,0.2268,600,85.2445,86.14,83.49,0.5744,600,29.17318,29.361,29.072,0.09084,600,29.28180,29.488,29.186,0.08390,600,989.3170,990.82,988.52,0.3110,600,999.9189,1000.31,999.41,0.1271,600,263.0281,330.27,191.37,42.4369,600,1.654598,1.7043,1.6033,0.016233,600,1.643222,1.7030,1.5482,0.019173,600,0.5917318,0.59361,0.59072,0.0009084,600,0.878729,0.8846,0.8731,0.002268,600,0.5928180,0.59488,0.59186,0.0008390,600,0.852445,0.8614,0.8349,0.005744,600,2.027821,2.0340,2.0246,0.001275,600,1.652988,1.7090,1.5919,0.018575,600,1.639953,1.7859,1.5277,0.035065,600,2.071290,2.0729,2.0692,0.000521,600,0.1643926,0.20642,0.11961,0.0265231,600,19.59,22,16,1.07,600,19.87,22,17,1.08,600,19.41,22,15,1.45,600,19.46,23,14,1.60,600,18.72,22,14,1.68,600,17.45,22,11,2.07,600,15.04,21,8,2.55,600,9.75,17,4,2.24,600,13.8705,14.18,13.53,74.73,80,72,33.34,350864
2026-07-07 12:50:00,15.302,17.8,11.7,1.033,600,15.506,18.6,11.7,0.987,600,14.929,17.8,11.8,1.108,600,14.656,17.9,10.2,1.284,600,14.048,17.9,10.2,1.406,600,12.834,16.3,8.0,1.814,600,11.087,15.5,5.7,2.201,600,7.657,13.3,2.0,2.083,600,197.4157,3.4379,600,195.8114,3.4950,600,197.2408,3.8843,600,196.1460,6.3375,600,86.8473,87.82,86.11,0.3978,600,83.9575,85.50,82.18,0.7486,600,29.44813,29.508,29.361,0.04099,600,29.60751,29.995,29.310,0.18673,600,989.3385,990.41,988.61,0.2409,600,999.9521,1000.48,999.49,0.1197,600,591.6806,1207.05,331.77,298.7373,600,1.644775,1.7097,1.5737,0.023281,600,1.635793,1.7124,1.5274,0.023638,600,0.5944813,0.59508,0.59361,0.0004099,600,0.868473,0.8782,0.8611,0.003978,600,0.5960751,0.59995,0.59310,0.0018673,600,0.839575,0.8550,0.8218,0.007486,600,2.027909,2.0323,2.0249,0.000988,600,1.646627,1.7426,1.5321,0.026378,600,1.638438,1.7842,1.4327,0.042959,600,2.071426,2.0736,2.0695,0.000491,600,0.3698004,0.75440,0.20736,0.1867108,600,19.69,23,15,1.36,600,19.98,24,15,1.30,600,19.18,23,15,1.46,600,18.80,23,13,1.68,600,17.99,23,13,1.84,600,16.41,21,10,2.39,600,14.14,20,7,2.90,600,9.56,17,2,2.76,600,13.8557,14.17,13.58,74.73,77,72,32.97,350941
2026-07-07 13:00:00,15.909,19.3,12.5,1.253,600,16.088,19.3,12.5,1.302,600,15.323,18.6,12.5,1.161,600,14.967,18.6,11.0,1.300,600,14.253,17.9,10.2,1.343,600,13.458,17.1,8.0,1.556,600,11.572,15.5,6.4,1.933,600,7.977,13.3,3.5,1.980,600,197.5421,3.5298,600,196.2918,3.6269,600,197.4125,4.0298,600,195.8377,6.4016,600,87.3510,88.52,86.14,0.6110,600,82.7559,83.96,81.57,0.7211,600,29.12730,29.438,28.894,0.15492,600,29.79596,30.035,29.468,0.18294,600,989.2794,990.57,988.36,0.3123,600,999.8705,1000.40,999.17,0.1219,600,337.4236,616.71,258.46,59.8242,600,1.645630,1.7191,1.5388,0.023907,600,1.639053,1.7369,1.5794,0.024525,600,0.5912730,0.59438,0.58894,0.0015492,600,0.873510,0.8852,0.8614,0.006110,600,0.5979596,0.60035,0.59468,0.0018294,600,0.827559,0.8396,0.8157,0.007211,600,2.027667,2.0330,2.0239,0.001280,600,1.647808,1.8077,1.5475,0.027375,600,1.636400,1.8282,1.4891,0.043388,600,2.071091,2.0732,2.0682,0.000500,600,0.2108897,0.38544,0.16154,0.0373901,600,20.49,25,16,1.65,600,20.75,25,16,1.72,600,19.69,24,16,1.53,600,19.21,24,14,1.70,600,18.26,23,13,1.76,600,17.23,22,10,2.05,600,14.78,20,8,2.55,600,9.98,17,4,2.62,600,13.8646,14.18,13.54,74.65,78,72,32.98,351018
2026-07-07 13:10:00,15.616,18.6,11.7,1.196,600,15.764,19.3,13.2,1.186,600,15.157,17.8,11.8,1.201,600,14.930,17.9,11.0,1.254,600,14.158,17.1,11.0,1.251,600,12.747,17.8,7.2,1.651,600,10.816,15.5,5.7,1.911,600,7.479,13.3,0.4,2.079,600,199.2139,3.4914,600,197.2512,3.8866,600,198.0130,4.0945,600,196.8849,6.7224,600,89.1306,90.03,88.22,0.4159,600,85.5060,87.58,83.72,0.9456,600,28.79959,28.897,28.716,0.05009,600,29.26730,29.468,29.116,0.10636,600,989.0911,990.41,988.28,0.2756,600,999.7792,1000.23,999.33,0.1257,600,570.1057,1153.82,245.24,380.7101,600,1.656942,1.7204,1.5566,0.023645,600,1.645531,1.7218,1.5620,0.026282,600,0.5879959,0.58897,0.58716,0.0005009,600,0.891306,0.9003,0.8822,0.004159,600,0.5926730,0.59468,0.59116,0.0010636,600,0.855060,0.8758,0.8372,0.009456,600,2.026895,2.0323,2.0236,0.001130,600,1.651871,1.7389,1.5475,0.027803,600,1.643484,1.8416,1.5237,0.045556,600,2.070717,2.0726,2.0689,0.000515,600,0.3563161,0.72114,0.15328,0.2379438,600,20.10,24,15,1.57,600,20.32,25,17,1.56,600,19.48,23,15,1.58,600,19.16,23,14,1.64,600,18.13,22,14,1.64,600,16.30,23,9,2.18,600,13.79,20,7,2.52,600,9.32,17,0,2.75,600,13.8572,14.19,13.52,74.75,80,69,32.99,351095
2026-07-07 13:20:00,14.820,17.1,11.0,0.993,600,14.939,17.0,12.5,0.962,600,14.367,17.1,11.0,1.061,600,14.098,17.1,10.2,1.148,600,13.574,17.1,9.5,1.261,600,12.558,16.3,8.7,1.531,600,10.978,14.8,5.7,1.686,600,7.628,13.3,3.5,1.758,600,198.9220,4.2749,600,197.1794,4.2314,600,198.8733,4.4148,600,196.4972,6.7511,600,88.7649,89.76,87.75,0.5104,600,84.3200,86.94,82.21,1.3405,600,29.10006,29.250,28.874,0.11023,600,29.63796,29.951,29.223,0.22916,600,989.0964,990.57,988.11,0.3184,600,999.7559,1000.23,999.41,0.1139,600,876.9809,1051.61,427.06,221.5034,600,1.654961,1.7292,1.5385,0.028955,600,1.645032,1.7177,1.4989,0.028622,600,0.5910006,0.59250,0.58874,0.0011023,600,0.887649,0.8976,0.8775,0.005104,600,0.5963796,0.59951,0.59223,0.0022916,600,0.843200,0.8694,0.8221,0.013405,600,2.026917,2.0330,2.0229,0.001306,600,1.657700,1.7419,1.5576,0.029979,600,1.640833,1.8010,1.4663,0.045759,600,2.070621,2.0726,2.0692,0.000467,600,0.5481131,0.65725,0.26691,0.1384396,600,19.06,22,14,1.30,600,19.24,22,16,1.27,600,18.43,22,14,1.40,600,18.07,22,13,1.50,600,17.37,22,12,1.65,600,16.05,21,11,2.02,600,14.00,19,7,2.22,600,9.52,17,4,2.33,600,13.8585,14.17,13.50,74.80,78,72,32.95,351172
2026-07-07 13:30:00,15.074,17.8,12.5,0.893,600,15.208,17.8,13.2,0.938,600,14.910,17.1,12.5,0.929,600,14.898,17.1,12.5,0.914,600,14.483,17.1,11.0,0.963,600,13.497,16.3,8.7,1.462,600,11.310,15.5,6.4,1.892,600,7.570,13.3,3.5,1.944,600,199.9782,2.9868,600,198.5435,3.1956,600,199.8654,3.3791,600,198.1141,5.3598,600,86.5035,88.12,85.06,0.8690,600,80.7542,82.24,78.85,0.9437,600,29.45737,29.565,29.250,0.09146,600,30.23734,30.539,29.945,0.18805,600,988.9744,990.16,988.36,0.2561,600,999.6085,1000.15,999.17,0.1326,600,996.0806,1205.49,620.68,124.5799,600,1.662112,1.7127,1.5945,0.020226,600,1.654260,1.7315,1.5865,0.021608,600,0.5945737,0.59565,0.59250,0.0009146,600,0.865035,0.8812,0.8506,0.008690,600,0.6023734,0.60539,0.59945,0.0018805,600,0.807542,0.8224,0.7885,0.009437,600,2.026416,2.0313,2.0239,0.001050,600,1.664439,1.7295,1.5815,0.022943,600,1.651761,1.8221,1.5160,0.036313,600,2.070017,2.0722,2.0682,0.000544,600,0.6225504,0.75343,0.38793,0.0778625,600,19.39,23,16,1.17,600,19.59,23,17,1.24,600,19.15,22,16,1.22,600,19.12,22,16,1.20,600,18.56,22,14,1.26,600,17.29,21,11,1.93,600,14.44,20,8,2.49,600,9.44,17,4,2.57,600,13.8310,14.14,13.55,74.99,78,72,33.01,351249
2026-07-07 13:40:00,15.711,17.8,13.3,0.918,600,15.827,18.6,13.2,0.941,600,15.477,17.8,12.5,0.976,600,15.427,18.6,12.5,1.080,600,14.860,17.9,11.0,1.323,600,13.910,19.3,8.7,1.835,600,12.072,16.3,5.7,1.935,600,8.463,14.8,3.5,2.082,600,199.5127,3.2449,600,197.5782,3.2972,600,198.7404,3.6177,600,197.4453,6.5016,600,85.6887,86.44,85.00,0.2969,600,79.3810,80.67,78.35,0.4721,600,29.51546,29.549,29.475,0.01524,600,30.53156,30.573,30.495,0.01633,600,988.8487,990.24,987.95,0.3080,600,999.4974,1000.15,998.68,0.1340,600,921.9532,980.65,673.00,48.3381,600,1.658964,1.7281,1.5885,0.021974,600,1.647737,1.7151,1.5697,0.022295,600,0.5951546,0.59549,0.59475,0.0001524,600,0.856887,0.8644,0.8500,0.002969,600,0.6053156,0.60573,0.60495,0.0001633,600,0.793810,0.8067,0.7835,0.004721,600,2.025901,2.0316,2.0222,0.001263,600,1.656808,1.7557,1.5835,0.024565,600,1.647292,1.9135,1.5052,0.044103,600,2.069561,2.0722,2.0662,0.000549,600,0.5762207,0.61291,0.42062,0.0302113,600,20.23,23,17,1.21,600,20.41,24,17,1.24,600,19.90,23,16,1.29,600,19.81,24,16,1.42,600,19.05,23,14,1.73,600,17.83,25,11,2.42,600,15.44,21,7,2.55,600,10.62,19,4,2.76,600,13.8336,14.15,13.50,74.94,80,72,33.53,351326
2026-07-07 13:50:00,14.551,17.1,11.7,0.925,600,14.758,17.0,12.5,0.874,600,14.446,17.1,11.8,1.006,600,14.482,17.1,10.2,1.100,600,14.140,16.3,10.2,1.177,600,13.281,17.1,8.0,1.656,600,11.625,16.3,5.7,2.014,600,8.077,13.3,3.5,1.853,600,199.3378,3.1775,600,197.7031,3.2872,600,198.8160,3.5020,600,196.5161,5.2741,600,85.3202,86.34,83.99,0.6518,600,79.0897,80.67,76.87,0.8354,600,29.70720,29.874,29.545,0.09229,600,30.61518,30.781,30.499,0.06974,600,988.8233,990.16,988.20,0.3061,600,999.4108,999.99,999.00,0.1245,600,882.0506,1027.49,359.97,177.9984,600,1.657781,1.7177,1.5804,0.021518,600,1.648579,1.7117,1.5643,0.022227,600,0.5970720,0.59874,0.59545,0.0009229,600,0.853202,0.8634,0.8399,0.006518,600,0.6061518,0.60781,0.60499,0.0006974,600,0.790897,0.8067,0.7687,0.008354,600,2.025797,2.0313,2.0232,0.001255,600,1.657319,1.7248,1.5831,0.023777,600,1.640951,1.8047,1.4831,0.035740,600,2.069206,2.0716,2.0675,0.000511,600,0.5512816,0.64218,0.22498,0.1112490,600,18.70,22,15,1.21,600,19.00,22,16,1.15,600,18.54,22,15,1.32,600,18.57,22,13,1.44,600,18.11,21,13,1.54,600,17.00,22,10,2.19,600,14.85,21,7,2.66,600,10.11,17,4,2.46,600,13.8181,14.11,13.47,75.07,78,72,33.99,351403
2026-07-07 14:00:00,14.637,17.1,12.5,0.849,600,14.834,17.8,12.5,0.872,600,14.642,17.1,11.8,0.978,600,14.630,17.1,11.0,1.129,600,14.050,17.9,10.2,1.267,600,13.268,16.3,8.7,1.582,600,11.535,16.3,4.2,1.941,600,8.035,14.0,3.5,1.885,600,197.2617,3.3733,600,195.6432,3.5643,600,197.1554,3.8068,600,196.8008,5.5673,600,84.0909,84.76,83.55,0.2358,600,78.4018,79.93,76.67,0.7560,600,29.79654,29.894,29.663,0.06222,600,30.61014,30.794,30.361,0.12563,600,988.6877,990.08,987.87,0.2787,600,999.3042,999.66,998.92,0.1287,600,508.2115,991.50,310.88,231.3581,600,1.643739,1.7124,1.5710,0.022843,600,1.634667,1.7104,1.5536,0.024103,600,0.5979654,0.59894,0.59663,0.0006222,600,0.840909,0.8476,0.8355,0.002358,600,0.6061014,0.60794,0.60361,0.0012563,600,0.784018,0.7993,0.7667,0.007560,600,2.025241,2.0309,2.0219,0.001143,600,1.646060,1.7349,1.5351,0.025853,600,1.642900,1.8695,1.4720,0.037753,600,2.068769,2.0702,2.0672,0.000528,600,0.3176322,0.61969,0.19430,0.1445988,600,18.82,22,16,1.11,600,19.10,23,16,1.15,600,18.80,22,15,1.29,600,18.77,22,14,1.48,600,17.99,23,13,1.66,600,16.98,21,11,2.09,600,14.73,21,5,2.56,600,10.06,18,4,2.50,600,13.8401,14.14,13.52,74.92,78,71,34.09,351480
2026-07-07 14:10:00,13.755,16.3,11.0,0.940,600,13.891,16.3,11.7,0.928,600,13.666,16.3,11.0,1.027,600,13.724,16.3,11.0,1.041,600,13.394,15.6,10.2,1.124,600,12.690,15.6,8.7,1.417,600,10.723,15.5,5.7,1.879,600,7.416,11.8,2.7,1.897,600,200.6906,3.2139,600,198.6248,3.3152,600,199.4878,3.4319,600,197.1111,5.3662,600,85.3094,86.04,84.19,0.4722,600,80.6049,81.64,79.26,0.6401,600,29.54254,29.669,29.505,0.03839,600,30.12370,30.361,30.049,0.08336,600,988.6586,990.32,987.95,0.3176,600,999.2463,999.58,998.68,0.1265,600,347.5377,866.52,270.17,130.4528,600,1.666935,1.7312,1.5969,0.021764,600,1.654808,1.7198,1.5875,0.022416,600,0.5954254,0.59669,0.59505,0.0003839,600,0.853094,0.8604,0.8419,0.004722,600,0.6012370,0.60361,0.60049,0.0008336,600,0.806049,0.8164,0.7926,0.006401,600,2.025122,2.0320,2.0222,0.001302,600,1.661877,1.7399,1.5784,0.023301,600,1.644983,1.7751,1.5032,0.036352,600,2.068532,2.0699,2.0662,0.000519,600,0.2172111,0.54157,0.16885,0.0815330,600,17.66,21,14,1.23,600,17.86,21,15,1.22,600,17.51,21,14,1.35,600,17.58,21,14,1.37,600,17.13,20,13,1.47,600,16.22,20,11,1.87,600,13.66,20,7,2.48,600,9.24,15,3,2.51,600,13.8488,14.18,13.54,74.94,78,72,34.07,351559
2026-07-07 14:20:00,13.829,16.3,11.0,0.968,600,13.919,17.0,11.0,0.990,600,13.579,15.6,11.0,0.875,600,13.635,15.6,11.0,0.887,600,13.194,15.6,11.0,0.905,600,12.268,15.6,8.0,1.204,600,10.299,14.0,6.4,1.529,600,6.880,11.8,3.5,1.535,600,200.6799,3.2548,600,198.6572,3.6852,600,199.7521,3.7012,600,197.2570,5.4524,600,85.6691,86.14,85.33,0.1461,600,80.9365,81.64,80.47,0.2764,600,29.50320,29.539,29.482,0.01111,600,30.06436,30.183,30.019,0.03877,600,988.4573,989.75,987.54,0.2642,600,999.0769,999.49,998.51,0.1200,600,503.5075,993.87,270.11,291.9626,600,1.666860,1.7459,1.5996,0.022041,600,1.655026,1.7258,1.5909,0.024918,600,0.5950320,0.59539,0.59482,0.0001111,600,0.856691,0.8614,0.8533,0.001461,600,0.6006436,0.60183,0.60019,0.0003877,600,0.809365,0.8164,0.8047,0.002764,600,2.024296,2.0296,2.0205,0.001083,600,1.663671,1.7651,1.5825,0.025133,600,1.645974,1.7624,1.5130,0.036931,600,2.067837,2.0695,2.0655,0.000492,600,0.3146922,0.62117,0.16882,0.1824766,600,17.75,21,14,1.27,600,17.89,22,14,1.30,600,17.40,20,14,1.15,600,17.46,20,14,1.16,600,16.87,20,14,1.19,600,15.66,20,10,1.59,600,13.10,18,8,2.02,600,8.53,15,4,2.03,600,13.8443,14.14,13.55,74.94,79,72,34.01,351636
2026-07-07 14:30:00,14.278,17.1,11.7,0.918,600,14.330,17.0,11.7,0.938,600,14.212,16.3,11.0,1.083,600,14.227,17.1,9.5,1.230,600,13.874,17.1,9.5,1.298,600,12.672,16.3,8.0,1.658,600,10.611,15.5,5.7,1.930,600,7.414,13.3,1.2,1.728,600,199.8804,2.9034,600,197.6193,3.4465,600,198.7456,4.0125,600,197.3683,6.1280,600,85.5531,86.27,84.86,0.3155,600,80.1035,81.47,78.59,0.6563,600,29.62574,29.767,29.522,0.06740,600,30.41112,30.562,30.183,0.10864,600,988.3509,989.59,987.70,0.3160,600,998.9126,999.41,998.27,0.1144,600,735.4615,962.55,345.95,174.2042,600,1.661453,1.7151,1.5858,0.019661,600,1.648014,1.7258,1.5704,0.023306,600,0.5962574,0.59767,0.59522,0.0006740,600,0.855531,0.8627,0.8486,0.003155,600,0.6041112,0.60562,0.60183,0.0010864,600,0.801035,0.8147,0.7859,0.006563,600,2.023860,2.0289,2.0212,0.001296,600,1.656846,1.8023,1.5580,0.027256,600,1.646720,1.8080,1.4821,0.041526,600,2.067163,2.0692,2.0645,0.000469,600,0.4596635,0.60160,0.21622,0.1088776,600,18.34,22,15,1.21,600,18.43,22,15,1.24,600,18.23,21,14,1.43,600,18.24,22,12,1.61,600,17.76,22,12,1.70,600,16.20,21,10,2.19,600,13.52,20,7,2.54,600,9.23,17,1,2.29,600,13.8346,14.13,13.53,74.95,79,72,34.00,351713
2026-07-07 14:40:00,15.125,17.1,13.3,0.717,600,15.268,17.0,13.2,0.749,600,15.085,17.1,13.3,0.756,600,15.114,17.1,12.5,0.776,600,14.830,17.1,11.8,0.782,600,14.145,16.3,9.5,1.140,600,12.205,16.3,7.2,1.697,600,8.200,14.0,3.5,1.866,600,200.2303,2.5020,600,198.4437,2.5904,600,199.6782,2.6000,600,197.5403,4.1739,600,84.1780,84.93,83.29,0.4003,600,78.5098,79.26,77.91,0.2733,600,29.81437,29.891,29.760,0.03696,600,30.60249,30.643,30.559,0.02052,600,988.2382,989.67,987.46,0.2676,600,998.8512,999.25,998.18,0.1317,600,744.3311,926.03,412.29,187.1298,600,1.663819,1.7097,1.6049,0.016942,600,1.653584,1.7033,1.5872,0.017514,600,0.5981437,0.59891,0.59760,0.0003696,600,0.841780,0.8493,0.8329,0.004003,600,0.6060249,0.60643,0.60559,0.0002052,600,0.785098,0.7926,0.7791,0.002733,600,2.023398,2.0293,2.0202,0.001097,600,1.663168,1.7171,1.6070,0.017651,600,1.647902,1.8181,1.5425,0.028277,600,2.066912,2.0685,2.0642,0.000540,600,0.4652069,0.57877,0.25768,0.1169561,600,19.46,22,17,0.94,600,19.67,22,17,0.99,600,19.38,22,17,1.00,600,19.40,22,16,1.02,600,19.02,22,15,1.03,600,18.14,21,12,1.50,600,15.62,21,9,2.24,600,10.28,18,4,2.47,600,13.8251,14.12,13.52,75.14,79,72,34.05,351790
2026-07-07 14:50:00,14.868,17.1,13.3,0.651,600,15.020,17.0,12.5,0.683,600,14.867,16.3,12.5,0.682,600,14.959,17.1,11.8,0.856,600,14.517,17.1,10.2,0.997,600,13.299,17.1,9.5,1.296,600,11.464,15.5,6.4,1.811,600,7.971,14.0,3.5,1.941,600,200.4564,2.8433,600,198.3682,2.9811,600,199.6227,2.9897,600,197.7186,5.5858,600,83.0306,83.76,82.38,0.3038,600,77.8492,78.79,76.67,0.4442,600,29.83912,29.894,29.770,0.03881,600,30.66609,30.703,30.620,0.02565,600,988.1742,989.34,987.54,0.2423,600,998.7652,999.25,998.27,0.1222,600,756.7350,920.50,441.18,131.8035,600,1.665346,1.7104,1.5915,0.019254,600,1.653072,1.6976,1.5838,0.020156,600,0.5983912,0.59894,0.59770,0.0003881,600,0.830306,0.8376,0.8238,0.003038,600,0.6066609,0.60703,0.60620,0.0002565,600,0.778492,0.7879,0.7667,0.004442,600,2.023135,2.0279,2.0205,0.000993,600,1.662792,1.7157,1.6056,0.020296,600,1.649068,1.7762,1.4442,0.037867,600,2.066559,2.0685,2.0645,0.000501,600,0.4729594,0.57531,0.27574,0.0823772,600,19.12,22,17,0.85,600,19.34,22,16,0.90,600,19.09,21,16,0.90,600,19.20,22,15,1.12,600,18.60,22,13,1.31,600,17.02,22,12,1.71,600,14.64,20,8,2.39,600,9.97,18,4,2.57,600,13.8138,14.15,13.52,75.15,79,73,34.30,351867
2026-07-07 15:00:00,13.957,15.5,11.0,0.764,600,14.112,16.3,11.7,0.781,600,13.888,16.3,11.8,0.797,600,13.925,15.6,11.8,0.836,600,13.618,15.6,9.5,0.901,600,12.844,16.3,8.7,1.185,600,11.004,14.8,6.4,1.644,600,7.590,12.5,3.5,1.856,600,198.5562,2.8275,600,196.5233,2.9468,600,197.3813,3.0209,600,195.0160,5.4191,600,82.8342,83.62,82.08,0.4017,600,76.9596,78.28,75.53,0.8193,600,29.81336,29.854,29.757,0.02885,600,30.77934,30.854,30.700,0.05539,600,988.1619,989.51,986.97,0.3179,600,998.7282,999.09,998.35,0.1258,600,692.4723,782.35,302.23,144.2266,600,1.652496,1.7281,1.5966,0.019146,600,1.640611,1.6993,1.5365,0.019927,600,0.5981336,0.59854,0.59757,0.0002885,600,0.828342,0.8362,0.8208,0.004017,600,0.6077934,0.60854,0.60700,0.0005539,600,0.769596,0.7828,0.7553,0.008193,600,2.023085,2.0286,2.0182,0.001303,600,1.647591,1.7308,1.5707,0.020511,600,1.630819,1.7725,1.5042,0.036709,600,2.066407,2.0679,2.0648,0.000516,600,0.4327952,0.48897,0.18889,0.0901416,600,17.92,20,14,1.00,600,18.15,21,15,1.03,600,17.80,21,15,1.05,600,17.84,20,15,1.10,600,17.43,20,12,1.18,600,16.42,21,11,1.56,600,14.03,19,8,2.17,600,9.47,16,4,2.46,600,13.8227,14.14,13.53,75.12,80,73,34.77,351944
2026-07-07 15:10:00,14.545,16.3,12.5,0.701,600,14.660,17.0,12.5,0.699,600,14.255,16.3,11.8,0.753,600,14.232,16.3,11.0,0.821,600,13.755,15.6,10.2,0.893,600,12.777,15.6,8.7,1.274,600,10.687,14.8,6.4,1.677,600,7.415,11.8,3.5,1.808,600,199.6515,2.9534,600,198.5640,3.1815,600,200.0272,3.3296,600,198.1685,5.7210,600,82.0043,82.51,81.51,0.1973,600,77.1395,78.15,76.14,0.4198,600,29.70969,29.814,29.579,0.06561,600,30.40492,30.730,30.129,0.17625,600,988.1461,989.51,987.54,0.2651,600,998.7842,999.09,998.18,0.1219,600,253.6789,301.48,225.69,19.1506,600,1.659904,1.7335,1.5969,0.020001,600,1.654399,1.7433,1.5922,0.021513,600,0.5970969,0.59814,0.59579,0.0006561,600,0.820043,0.8251,0.8151,0.001973,600,0.6040492,0.60730,0.60129,0.0017625,600,0.771395,0.7815,0.7614,0.004198,600,2.023020,2.0286,2.0205,0.001087,600,1.665539,1.7678,1.5865,0.022609,600,1.652147,1.8101,1.5059,0.038764,600,2.066637,2.0679,2.0642,0.000500,600,0.1585493,0.18842,0.14106,0.0119691,600,18.70,21,16,0.92,600,18.87,22,16,0.92,600,18.29,21,15,0.99,600,18.24,21,14,1.08,600,17.61,20,13,1.17,600,16.34,20,11,1.68,600,13.62,19,8,2.21,600,9.24,15,4,2.39,600,13.8509,14.18,13.55,74.89,78,72,34.94,352020
2026-07-07 15:20:00,13.819,15.5,11.7,0.857,600,13.976,16.3,11.7,0.909,600,13.389,16.3,11.0,0.993,600,13.225,15.6,11.0,1.003,600,12.636,14.8,8.7,1.078,600,11.719,14.8,7.2,1.309,600,10.301,14.0,6.4,1.292,600,6.863,11.0,1.2,1.563,600,200.2847,3.3075,600,198.4393,3.5277,600,199.7719,3.4131,600,198.0170,5.0596,600,82.7845,83.55,82.18,0.3398,600,78.8840,79.63,77.71,0.4692,600,29.48626,29.586,29.421,0.04030,600,29.97474,30.129,29.864,0.06379,600,988.1192,989.59,987.21,0.3008,600,998.7084,999.17,998.18,0.1186,600,211.3820,244.55,176.55,22.6352,600,1.664185,1.7322,1.5771,0.022399,600,1.653553,1.7204,1.5781,0.023854,600,0.5948626,0.59586,0.59421,0.0004030,600,0.827845,0.8355,0.8218,0.003398,600,0.5997474,0.60129,0.59864,0.0006379,600,0.788840,0.7963,0.7771,0.004692,600,2.022910,2.0289,2.0192,0.001233,600,1.663803,1.7563,1.5516,0.023180,600,1.651115,1.7708,1.5180,0.034267,600,2.066326,2.0682,2.0642,0.000486,600,0.1321137,0.15284,0.11034,0.0141470,600,17.74,20,15,1.13,600,17.97,21,15,1.20,600,17.15,21,14,1.31,600,16.92,20,14,1.31,600,16.14,19,11,1.41,600,14.94,19,9,1.73,600,13.11,18,8,1.70,600,8.51,14,1,2.07,600,13.8691,14.17,13.58,74.81,79,72,34.45,352097
2026-07-07 15:30:00,14.118,16.3,11.7,0.830,600,14.283,16.3,12.5,0.865,600,13.681,17.1,11.0,0.987,600,13.522,16.3,9.5,1.056,600,13.023,15.6,9.5,1.071,600,12.391,15.6,8.7,1.157,600,10.471,14.0,5.7,1.480,600,7.365,11.8,3.5,1.613,600,199.0218,3.1255,600,197.1052,3.1840,600,198.5871,3.4780,600,197.1117,5.5678,600,82.6204,83.92,81.77,0.5754,600,78.6402,79.83,77.61,0.5962,600,29.55639,29.700,29.414,0.09789,600,29.90862,30.045,29.824,0.07603,600,987.9656,989.18,987.38,0.2492,600,998.5665,998.92,998.02,0.1099,600,250.0408,524.65,178.86,62.3676,600,1.655642,1.7198,1.5549,0.021167,600,1.644543,1.6989,1.5774,0.021529,600,0.5955639,0.59700,0.59414,0.0009789,600,0.826204,0.8392,0.8177,0.005754,600,0.5990862,0.60045,0.59824,0.0007603,600,0.786402,0.7983,0.7761,0.005962,600,2.022280,2.0273,2.0199,0.001022,600,1.655767,1.7419,1.5768,0.023617,600,1.644948,1.7721,1.3965,0.037771,600,2.065744,2.0672,2.0635,0.000451,600,0.1562755,0.32791,0.11179,0.0389797,600,18.14,21,15,1.09,600,18.37,21,16,1.14,600,17.53,22,14,1.30,600,17.31,21,12,1.38,600,16.64,20,12,1.40,600,15.82,20,11,1.53,600,13.33,18,7,1.95,600,9.17,15,4,2.14,600,13.8726,14.18,13.53,74.73,81,71,34.02,352174
2026-07-07 15:40:00,14.060,16.3,11.7,0.634,600,14.189,16.3,11.7,0.660,600,13.876,15.6,11.0,0.743,600,13.876,15.6,11.0,0.833,600,13.403,15.6,9.5,1.024,600,12.492,15.6,7.2,1.546,600,10.668,14.0,5.7,1.850,600,7.238,11.8,3.5,1.802,600,200.5183,2.8969,600,198.1972,2.8512,600,199.2510,3.0879,600,197.7030,5.5460,600,81.7222,82.38,81.37,0.2050,600,78.0114,78.89,77.41,0.3240,600,29.69022,29.733,29.626,0.02819,600,30.08311,30.113,30.035,0.02083,600,987.8730,989.18,987.38,0.2891,600,998.4763,998.84,998.02,0.1002,600,219.4423,257.01,194.49,21.9288,600,1.665767,1.7184,1.6039,0.019616,600,1.651919,1.6996,1.5892,0.019278,600,0.5969022,0.59733,0.59626,0.0002819,600,0.817222,0.8238,0.8137,0.002050,600,0.6008311,0.60113,0.60035,0.0002083,600,0.780114,0.7889,0.7741,0.003240,600,2.021901,2.0273,2.0199,0.001185,600,1.660266,1.7238,1.5519,0.020967,600,1.648954,1.7805,1.4384,0.037601,600,2.065375,2.0669,2.0635,0.000411,600,0.1371514,0.16063,0.12155,0.0137055,600,18.06,21,15,0.83,600,18.25,21,15,0.87,600,17.79,20,14,0.98,600,17.78,20,14,1.09,600,17.14,20,12,1.34,600,15.96,20,9,2.04,600,13.59,18,7,2.44,600,9.00,15,4,2.39,600,13.8808,14.21,13.55,74.65,80,72,33.93,352251
2026-07-07 15:50:00,14.688,17.1,12.5,0.834,600,14.818,17.0,12.5,0.879,600,14.315,16.3,11.8,0.947,600,14.234,16.3,11.0,1.011,600,13.743,16.3,10.2,1.042,600,12.879,16.3,9.5,1.333,600,11.237,14.8,6.4,1.486,600,7.592,13.3,2.0,1.775,600,200.3148,2.9220,600,198.5771,3.1250,600,199.6786,3.1991,600,198.0038,5.0645,600,82.2585,83.29,81.67,0.3455,600,78.7351,79.39,77.98,0.3179,600,29.61677,29.683,29.492,0.05041,600,29.99851,30.039,29.908,0.03337,600,987.8839,989.18,987.21,0.2552,600,998.5075,998.92,997.94,0.1168,600,208.9456,257.11,192.12,14.9806,600,1.664391,1.7275,1.5875,0.019787,600,1.654483,1.7107,1.5677,0.021131,600,0.5961677,0.59683,0.59492,0.0005041,600,0.822585,0.8329,0.8167,0.003455,600,0.5999851,0.60039,0.59908,0.0003337,600,0.787351,0.7939,0.7798,0.003179,600,2.021945,2.0273,2.0192,0.001046,600,1.663170,1.7268,1.5828,0.021720,600,1.651022,1.7748,1.5167,0.034313,600,2.065503,2.0672,2.0632,0.000479,600,0.1305910,0.16070,0.12008,0.0093629,600,18.88,22,16,1.09,600,19.08,22,16,1.16,600,18.37,21,15,1.25,600,18.25,21,14,1.32,600,17.59,21,13,1.37,600,16.47,21,12,1.76,600,14.34,19,8,1.96,600,9.47,17,2,2.35,600,13.8819,14.17,13.53,74.75,77,72,33.72,352328
2026-07-07 16:00:00,14.561,16.3,11.7,0.889,600,14.689,17.0,12.5,0.882,600,14.172,16.3,11.8,0.915,600,14.014,16.3,11.0,0.961,600,13.524,16.3,10.2,1.011,600,12.696,16.3,8.7,1.325,600,10.794,14.8,7.2,1.686,600,7.292,13.3,3.5,1.652,600,200.6483,3.0175,600,198.7234,3.2924,600,199.7906,3.7467,600,197.3059,5.3473,600,83.6884,84.43,82.95,0.3018,600,80.2435,81.00,79.19,0.4097,600,29.41613,29.495,29.364,0.02873,600,29.80408,29.908,29.713,0.05318,600,987.7916,989.18,987.05,0.2874,600,998.4403,998.92,998.10,0.1151,600,199.6859,242.13,147.71,35.5967,600,1.666645,1.7328,1.5969,0.020434,600,1.655472,1.7349,1.5929,0.022263,600,0.5941613,0.59495,0.59364,0.0002873,600,0.836884,0.8443,0.8295,0.003018,600,0.5980408,0.59908,0.59713,0.0005318,600,0.802435,0.8100,0.7919,0.004097,600,2.021567,2.0273,2.0185,0.001178,600,1.663928,1.7436,1.5831,0.025439,600,1.646306,1.7473,1.5009,0.036224,600,2.065227,2.0672,2.0638,0.000472,600,0.1248037,0.15133,0.09232,0.0222480,600,18.72,21,15,1.17,600,18.91,22,16,1.16,600,18.18,21,15,1.21,600,17.96,21,14,1.26,600,17.30,21,13,1.33,600,16.23,21,11,1.75,600,13.76,19,9,2.22,600,9.07,17,4,2.19,600,13.8938,14.23,13.57,74.69,77,72,33.40,352405
2026-07-07 16:10:00,15.429,17.1,12.5,0.920,600,15.605,17.8,12.5,0.947,600,14.982,17.1,11.8,1.026,600,14.743,17.1,11.8,1.038,600,14.058,16.3,9.5,1.108,600,12.910,16.3,8.7,1.384,600,10.974,14.8,5.7,1.987,600,7.358,13.3,3.5,1.687,600,199.7940,2.6493,600,197.9175,2.9329,600,199.0364,3.1214,600,197.9531,6.2601,600,84.4925,85.53,83.72,0.4932,600,81.1280,82.21,80.26,0.5138,600,29.28078,29.377,29.189,0.05774,600,29.59381,29.716,29.505,0.06140,600,987.7233,989.10,986.97,0.2724,600,998.3439,998.76,997.86,0.1102,600,143.4513,149.26,127.40,6.6721,600,1.660866,1.7157,1.5909,0.017941,600,1.650027,1.7023,1.5674,0.019831,600,0.5928078,0.59377,0.59189,0.0005774,600,0.844925,0.8553,0.8372,0.004932,600,0.5959381,0.59716,0.59505,0.0006140,600,0.811280,0.8221,0.8026,0.005138,600,2.021287,2.0269,2.0182,0.001117,600,1.658812,1.7208,1.5771,0.021193,600,1.650714,1.8748,1.5187,0.042466,600,2.064832,2.0665,2.0628,0.000452,600,0.0896571,0.09329,0.07963,0.0041701,600,19.86,22,16,1.21,600,20.11,23,16,1.25,600,19.25,22,15,1.35,600,18.91,22,15,1.36,600,18.00,21,12,1.45,600,16.51,21,11,1.83,600,13.99,19,7,2.62,600,9.16,17,4,2.23,600,14.1283,14.25,13.60,73.38,76,71,33.09,352482
2026-07-07 16:20:00,14.864,17.8,11.7,1.065,600,14.968,17.8,11.7,1.028,600,14.433,17.1,11.8,0.984,600,14.237,17.1,11.0,1.052,600,13.627,16.3,10.2,1.143,600,12.717,16.3,8.0,1.499,600,10.804,14.8,5.7,1.708,600,7.372,12.5,3.5,1.753,600,202.7131,3.1418,600,200.5775,3.2302,600,202.0645,3.4795,600,199.8999,5.5754,600,85.5106,85.94,85.17,0.1627,600,81.8072,82.41,81.20,0.3138,600,29.19581,29.226,29.166,0.01228,600,29.48449,29.512,29.451,0.01244,600,987.7852,989.18,987.05,0.3153,600,998.4617,998.76,998.02,0.1050,600,112.9981,203.08,75.09,22.8028,600,1.680615,1.7637,1.6214,0.021277,600,1.667997,1.7449,1.5982,0.021842,600,0.5919581,0.59226,0.59166,0.0001228,600,0.855106,0.8594,0.8517,0.001627,600,0.5948449,0.59512,0.59451,0.0001244,600,0.818072,0.8241,0.8120,0.003138,600,2.021540,2.0273,2.0185,0.001293,600,1.679354,1.7795,1.6086,0.023625,600,1.663831,1.8013,1.4771,0.037784,600,2.065315,2.0665,2.0635,0.000431,600,0.0706238,0.12693,0.04693,0.0142518,600,19.11,23,15,1.40,600,19.27,23,15,1.35,600,18.52,22,15,1.30,600,18.25,22,14,1.38,600,17.44,21,13,1.50,600,16.25,21,10,1.98,600,13.77,19,7,2.25,600,9.18,16,4,2.32,600,14.0921,14.25,13.31,73.60,79,71,32.99,352561
2026-07-07 16:30:00,14.724,17.1,12.5,0.889,600,14.829,17.0,12.5,0.899,600,14.166,16.3,11.8,0.851,600,14.056,16.3,11.8,0.848,600,13.583,15.6,11.0,0.827,600,12.624,15.6,8.7,1.067,600,10.596,14.8,6.4,1.575,600,6.963,12.5,3.5,1.639,600,202.1879,2.6767,600,199.6806,2.9971,600,200.4330,3.2139,600,197.9716,5.2757,600,84.5475,85.84,83.52,0.6127,600,81.5127,81.98,80.83,0.2506,600,29.31785,29.421,29.220,0.06031,600,29.43924,29.458,29.421,0.00880,600,987.8142,989.26,986.89,0.2742,600,998.4958,998.84,997.94,0.1212,600,62.8194,82.18,54.03,7.7438,600,1.677062,1.7399,1.6056,0.018125,600,1.661939,1.7157,1.5986,0.020265,600,0.5931785,0.59421,0.59220,0.0006031,600,0.845475,0.8584,0.8352,0.006127,600,0.5943924,0.59458,0.59421,0.0000880,600,0.815127,0.8198,0.8083,0.002506,600,2.021660,2.0276,2.0179,0.001124,600,1.668289,1.7419,1.5976,0.021820,600,1.650818,1.7946,1.4804,0.035745,600,2.065455,2.0669,2.0632,0.000497,600,0.0392621,0.05136,0.03377,0.0048398,600,18.93,22,16,1.17,600,19.09,22,16,1.19,600,18.17,21,15,1.12,600,18.01,21,15,1.11,600,17.38,20,14,1.08,600,16.13,20,11,1.41,600,13.49,19,8,2.08,600,8.64,16,4,2.17,600,12.9234,13.37,12.68,80.15,85,77,32.93,352638
2026-07-07 16:40:00,14.149,16.3,11.7,0.818,600,14.261,16.3,12.5,0.815,600,13.710,16.3,11.0,0.827,600,13.550,15.6,11.0,0.863,600,12.940,15.6,9.5,0.852,600,12.155,14.8,8.0,1.108,600,10.564,14.8,6.4,1.431,600,7.230,11.8,3.5,1.561,600,202.9014,3.0881,600,201.1404,3.2749,600,202.2236,3.5048,600,199.7100,4.8448,600,83.6392,84.16,83.08,0.2724,600,80.6983,81.34,79.56,0.5062,600,29.36119,29.441,29.307,0.03354,600,29.46657,29.545,29.431,0.03046,600,987.9383,989.26,987.30,0.2900,600,998.6098,999.00,998.18,0.1024,600,112.5154,166.40,82.18,18.0554,600,1.681888,1.7429,1.6197,0.020912,600,1.671798,1.7822,1.5751,0.022148,600,0.5936119,0.59441,0.59307,0.0003354,600,0.836392,0.8416,0.8308,0.002724,600,0.5946657,0.59545,0.59431,0.0003046,600,0.806983,0.8134,0.7956,0.005062,600,2.022168,2.0276,2.0195,0.001189,600,1.680427,1.7651,1.5841,0.023798,600,1.662548,1.7610,1.5402,0.032812,600,2.065922,2.0675,2.0642,0.000420,600,0.0703221,0.10400,0.05136,0.0112846,600,18.18,21,15,1.07,600,18.34,21,16,1.07,600,17.57,21,14,1.09,600,17.35,20,14,1.13,600,16.54,20,12,1.12,600,15.51,19,10,1.46,600,13.45,19,8,1.89,600,8.99,15,4,2.07,600,13.4187,14.26,12.71,77.37,83,71,32.77,352715
2026-07-07 16:50:00,14.391,17.1,11.7,0.876,600,14.532,16.3,11.0,0.896,600,13.953,16.3,11.8,0.880,600,13.733,16.3,11.0,0.898,600,13.003,15.6,8.7,1.048,600,11.685,14.8,7.2,1.300,600,9.931,14.0,5.7,1.544,600,7.017,11.8,3.5,1.546,600,200.0324,3.0608,600,197.9940,3.3804,600,198.7939,3.8644,600,196.9433,6.1858,600,82.7286,83.25,82.28,0.2082,600,79.2828,80.03,78.15,0.5475,600,29.45937,29.512,29.411,0.03125,600,29.75075,29.972,29.545,0.13567,600,988.1006,989.26,987.46,0.2598,600,998.7259,999.33,998.35,0.1208,600,306.5312,365.45,166.40,67.5983,600,1.662480,1.7238,1.5821,0.020727,600,1.650546,1.7107,1.5670,0.022857,600,0.5945937,0.59512,0.59411,0.0003125,600,0.827286,0.8325,0.8228,0.002082,600,0.5975075,0.59972,0.59545,0.0013567,600,0.792828,0.8003,0.7815,0.005475,600,2.022834,2.0276,2.0202,0.001065,600,1.657170,1.7339,1.5915,0.026237,600,1.643858,1.7919,1.4995,0.041917,600,2.066398,2.0689,2.0648,0.000495,600,0.1915820,0.22841,0.10400,0.0422490,600,18.49,22,15,1.15,600,18.70,21,14,1.18,600,17.89,21,15,1.16,600,17.59,21,14,1.18,600,16.62,20,11,1.37,600,14.89,19,9,1.72,600,12.62,18,7,2.04,600,8.71,15,4,2.05,600,14.2092,14.55,13.68,22.11,87,17,32.01,352792
2026-07-07 17:00:00,14.169,17.1,10.2,1.083,600,14.303,17.0,11.0,1.128,600,13.632,16.3,10.2,1.192,600,13.623,17.1,10.2,1.323,600,13.068,16.3,10.2,1.195,600,11.949,15.6,8.0,1.339,600,10.115,14.0,5.7,1.641,600,7.176,11.8,2.7,1.695,600,199.8750,3.6184,600,198.0881,3.9619,600,199.0707,4.2732,600,197.5030,6.6448,600,82.6226,83.25,82.24,0.2078,600,78.1608,78.96,77.34,0.4280,600,29.52169,29.549,29.498,0.01286,600,30.05592,30.106,29.972,0.03746,600,988.2877,989.67,987.54,0.2978,600,998.8774,999.58,998.35,0.1360,600,317.6981,349.87,269.47,17.0737,600,1.661417,1.7426,1.5684,0.024505,600,1.651179,1.7198,1.5559,0.026792,600,0.5952169,0.59549,0.59498,0.0001286,600,0.826226,0.8325,0.8224,0.002078,600,0.6005592,0.60106,0.59972,0.0003746,600,0.781608,0.7896,0.7734,0.004280,600,2.023601,2.0293,2.0205,0.001221,600,1.659042,1.7694,1.5576,0.029019,600,1.647640,1.8242,1.5002,0.045033,600,2.067019,2.0699,2.0648,0.000558,600,0.1985613,0.21867,0.16842,0.0106710,600,18.20,22,13,1.42,600,18.40,22,14,1.49,600,17.47,21,13,1.57,600,17.45,22,13,1.73,600,16.70,21,13,1.57,600,15.24,20,10,1.77,600,12.86,18,7,2.16,600,8.92,15,3,2.24,600,14.2155,14.56,13.96,19.87,25,17,31.46,352869
2026-07-07 17:10:00,13.771,16.3,10.2,0.987,600,13.891,16.3,10.2,1.016,600,13.178,16.3,10.2,1.057,600,12.989,15.6,10.2,1.052,600,12.366,15.6,9.5,1.139,600,11.383,14.8,7.2,1.380,600,9.861,14.0,5.7,1.708,600,7.029,12.5,0.4,1.846,600,200.5498,3.8915,600,198.5873,3.6831,600,199.6859,3.7503,600,197.0811,5.9760,600,82.5554,83.08,81.74,0.2339,600,78.6446,79.43,77.58,0.4417,600,29.49971,29.535,29.461,0.02258,600,29.94087,30.019,29.834,0.05470,600,988.2931,989.59,987.79,0.2567,600,998.9307,999.58,998.43,0.1141,600,215.4370,268.72,171.88,24.9684,600,1.665981,1.7396,1.5845,0.026354,600,1.654555,1.7355,1.5778,0.024904,600,0.5949971,0.59535,0.59461,0.0002258,600,0.825554,0.8308,0.8174,0.002339,600,0.5994087,0.60019,0.59834,0.0005470,600,0.786446,0.7943,0.7758,0.004417,600,2.023623,2.0289,2.0215,0.001053,600,1.663222,1.7372,1.5882,0.025463,600,1.644775,1.7886,1.4932,0.040488,600,2.067238,2.0699,2.0652,0.000468,600,0.1346481,0.16795,0.10742,0.0156052,600,17.68,21,13,1.30,600,17.86,21,13,1.34,600,16.87,21,13,1.39,600,16.61,20,13,1.38,600,15.78,20,12,1.49,600,14.49,19,9,1.82,600,12.53,18,7,2.25,600,8.72,16,0,2.44,600,14.2193,14.52,13.95,19.85,26,16,31.57,352946
2026-07-07 17:20:00,13.573,15.5,11.0,1.004,600,13.657,16.3,11.0,1.027,600,13.126,15.6,11.0,1.018,600,13.000,15.6,10.2,1.065,600,12.478,15.6,9.5,1.053,600,11.585,15.6,8.0,1.261,600,9.725,14.0,4.9,1.663,600,6.676,11.8,2.0,1.698,600,201.7203,4.1361,600,199.8856,4.1879,600,200.6079,4.8133,600,198.2293,6.1883,600,82.3305,82.92,81.64,0.2437,600,79.0397,79.93,77.85,0.4479,600,29.47781,29.522,29.431,0.02308,600,29.75381,29.837,29.716,0.03290,600,988.1885,989.67,987.54,0.3200,600,998.8129,999.17,998.43,0.1265,600,148.0223,171.23,139.92,8.6938,600,1.673895,1.7453,1.5724,0.028013,600,1.663329,1.7755,1.5808,0.028322,600,0.5947781,0.59522,0.59431,0.0002308,600,0.823305,0.8292,0.8164,0.002437,600,0.5975381,0.59837,0.59716,0.0003290,600,0.790397,0.7993,0.7785,0.004479,600,2.023194,2.0293,2.0205,0.001312,600,1.669477,1.7795,1.5737,0.032687,600,1.652561,1.8114,1.5052,0.041919,600,2.066755,2.0682,2.0652,0.000519,600,0.0925140,0.10702,0.08745,0.0054336,600,17.42,20,14,1.32,600,17.55,21,14,1.35,600,16.80,20,14,1.34,600,16.63,20,13,1.40,600,15.93,20,12,1.38,600,14.76,20,10,1.66,600,12.35,18,6,2.19,600,8.26,15,2,2.25,600,14.2252,14.52,13.91,19.82,25,17,31.49,353023
2026-07-07 17:30:00,14.849,17.1,11.7,0.949,600,14.926,17.8,12.5,0.936,600,14.246,16.3,11.8,1.045,600,14.003,16.3,11.0,1.134,600,13.373,16.3,10.2,1.069,600,12.420,15.6,8.7,1.183,600,10.673,14.0,5.7,1.496,600,7.467,11.8,4.2,1.498,600,203.6319,3.1098,600,201.9413,3.2616,600,203.3763,3.2468,600,202.3188,5.3735,600,81.5787,82.08,81.04,0.2206,600,78.4929,79.16,77.75,0.2846,600,29.51316,29.562,29.435,0.03441,600,29.74973,29.784,29.673,0.02876,600,987.9776,989.34,987.13,0.2406,600,998.6259,999.00,998.18,0.1034,600,137.0718,148.51,115.69,10.2216,600,1.686828,1.7476,1.6023,0.021059,600,1.677207,1.7456,1.5942,0.022055,600,0.5951316,0.59562,0.59435,0.0003441,600,0.815787,0.8208,0.8104,0.002206,600,0.5974973,0.59784,0.59673,0.0002876,600,0.784929,0.7916,0.7775,0.002846,600,2.022329,2.0279,2.0189,0.000987,600,1.688248,1.7490,1.6197,0.022043,600,1.680222,1.8809,1.5526,0.036409,600,2.065988,2.0675,2.0642,0.000424,600,0.0856699,0.09282,0.07231,0.0063885,600,19.09,22,15,1.25,600,19.22,23,16,1.23,600,18.27,21,15,1.38,600,17.94,21,14,1.49,600,17.10,21,13,1.40,600,15.86,20,11,1.56,600,13.60,18,7,1.97,600,9.30,15,5,1.98,600,14.2330,14.52,13.95,19.82,22,17,31.16,353100
2026-07-07 17:40:00,13.710,15.5,11.0,0.907,600,13.797,16.3,11.0,0.956,600,13.361,15.6,11.0,0.852,600,13.152,15.6,11.0,0.877,600,12.486,15.6,10.2,0.932,600,11.593,15.6,8.0,1.288,600,10.318,14.8,5.7,1.613,600,7.051,12.5,3.5,1.730,600,204.4808,3.4050,600,202.6597,3.6520,600,203.8523,3.6997,600,202.1167,5.7704,600,82.0760,82.61,81.64,0.1750,600,79.0840,79.69,78.32,0.3103,600,29.36037,29.438,29.314,0.03257,600,29.57659,29.683,29.492,0.04948,600,988.0533,989.59,987.38,0.3071,600,998.6955,999.00,998.10,0.1073,600,99.4508,115.75,85.24,9.2571,600,1.692576,1.7627,1.6123,0.023059,600,1.682069,1.7926,1.6258,0.024697,600,0.5936037,0.59438,0.59314,0.0003257,600,0.820760,0.8261,0.8164,0.001750,600,0.5957659,0.59683,0.59492,0.0004948,600,0.790840,0.7969,0.7832,0.003103,600,2.022640,2.0289,2.0199,0.001259,600,1.691479,1.7681,1.6204,0.025119,600,1.678853,1.8926,1.5371,0.039111,600,2.066273,2.0675,2.0638,0.000440,600,0.0621568,0.07234,0.05327,0.0057857,600,17.60,20,14,1.19,600,17.73,21,14,1.26,600,17.11,20,14,1.12,600,16.83,20,14,1.15,600,15.94,20,13,1.22,600,14.77,20,10,1.70,600,13.13,19,7,2.13,600,8.76,16,4,2.29,600,14.3183,14.56,13.97,19.61,22,15,31.02,353177
2026-07-07 17:50:00,13.188,15.5,10.2,0.978,600,13.260,15.5,11.0,1.039,600,12.944,15.6,10.2,0.932,600,12.771,15.6,10.2,0.935,600,12.290,14.8,9.5,0.973,600,11.287,14.8,6.5,1.160,600,9.591,13.3,5.7,1.436,600,6.754,11.8,2.0,1.656,600,204.6289,3.0765,600,202.6006,3.4253,600,203.8266,3.7633,600,201.7804,4.9169,600,82.0804,82.61,81.64,0.1842,600,79.3099,79.73,78.75,0.2488,600,29.31453,29.361,29.273,0.02475,600,29.43803,29.495,29.394,0.02660,600,988.1757,989.51,987.54,0.2523,600,998.8894,999.17,998.59,0.1035,600,62.2619,84.49,53.23,7.8580,600,1.693572,1.7516,1.6167,0.020834,600,1.681660,1.7443,1.5945,0.023162,600,0.5931453,0.59361,0.59273,0.0002475,600,0.820804,0.8261,0.8164,0.001842,600,0.5943803,0.59495,0.59394,0.0002660,600,0.793099,0.7973,0.7875,0.002488,600,2.023142,2.0286,2.0205,0.001035,600,1.691301,1.7815,1.6214,0.025553,600,1.676566,1.7788,1.5398,0.033299,600,2.067068,2.0682,2.0659,0.000424,600,0.0389137,0.05280,0.03327,0.0049113,600,16.91,20,13,1.28,600,17.02,20,14,1.37,600,16.56,20,13,1.23,600,16.33,20,13,1.23,600,15.68,19,12,1.28,600,14.37,19,8,1.53,600,12.17,17,7,1.89,600,8.36,15,2,2.19,600,14.5245,14.63,14.41,19.27,24,17,30.99,353254
2026-07-07 18:00:00,12.106,14.8,10.2,0.873,600,12.206,14.0,10.2,0.902,600,11.677,14.0,8.7,0.888,600,11.581,14.0,8.7,0.955,600,11.115,14.1,8.0,1.050,600,10.368,14.0,8.0,1.016,600,8.889,11.7,5.7,1.096,600,6.007,10.3,3.5,1.203,600,204.4787,3.2657,600,202.1046,3.4320,600,203.3607,3.8632,600,200.7975,5.5409,600,81.9414,82.41,81.57,0.1681,600,79.2781,79.53,78.79,0.1679,600,29.31922,29.347,29.287,0.01577,600,29.38230,29.401,29.361,0.01141,600,988.3602,989.59,987.79,0.2762,600,999.0180,999.25,998.59,0.0796,600,43.7382,53.28,38.40,4.3181,600,1.692558,1.7741,1.6197,0.022116,600,1.678311,1.7402,1.6113,0.023207,600,0.5931922,0.59347,0.59287,0.0001577,600,0.819414,0.8241,0.8157,0.001681,600,0.5938230,0.59401,0.59361,0.0001141,600,0.792781,0.7953,0.7879,0.001679,600,2.023898,2.0289,2.0215,0.001133,600,1.688145,1.7879,1.6093,0.026232,600,1.669908,1.7809,1.5425,0.037523,600,2.067596,2.0685,2.0659,0.000326,600,0.0273364,0.03330,0.02400,0.0026988,600,15.49,19,13,1.15,600,15.63,18,13,1.19,600,14.89,18,11,1.17,600,14.77,18,11,1.25,600,14.14,18,10,1.38,600,13.15,18,10,1.34,600,11.24,15,7,1.45,600,7.37,13,4,1.59,600,14.5207,14.63,14.41,19.22,22,17,30.80,353331
2026-07-07 18:10:00,12.857,14.8,9.4,1.065,600,12.950,14.8,9.4,1.079,600,12.377,14.8,8.0,1.111,600,12.199,14.8,8.7,1.122,600,11.679,14.1,8.0,1.121,600,10.594,13.3,7.2,1.238,600,8.958,12.5,4.9,1.470,600,6.262,11.0,3.5,1.516,600,203.7125,3.2467,600,201.3086,3.4543,600,202.5201,4.1866,600,199.8639,6.5513,600,82.3645,82.88,82.08,0.1670,600,79.7950,80.33,79.22,0.3141,600,29.24719,29.294,29.216,0.02107,600,29.32921,29.374,29.240,0.03901,600,988.3757,989.67,987.87,0.2302,600,999.0554,999.41,998.76,0.0801,600,31.8848,38.46,23.58,4.5090,600,1.687375,1.7819,1.5962,0.021990,600,1.672936,1.7516,1.5798,0.023361,600,0.5924719,0.59294,0.59216,0.0002107,600,0.823645,0.8288,0.8208,0.001670,600,0.5932921,0.59374,0.59240,0.0003901,600,0.797950,0.8033,0.7922,0.003141,600,2.023962,2.0293,2.0219,0.000944,600,1.682449,1.7862,1.5905,0.028434,600,1.663621,1.8245,1.5009,0.044399,600,2.067749,2.0692,2.0665,0.000328,600,0.0199280,0.02404,0.01474,0.0028181,600,16.48,19,12,1.40,600,16.61,19,12,1.42,600,15.81,19,10,1.46,600,15.58,19,11,1.47,600,14.88,18,10,1.47,600,13.45,17,9,1.63,600,11.34,16,6,1.94,600,7.71,14,4,2.01,600,14.0127,14.47,13.46,20.19,24,18,30.41,353408
2026-07-07 18:20:00,11.380,13.3,8.7,0.842,600,11.480,14.0,8.7,0.842,600,10.972,13.3,8.7,0.830,600,10.688,13.3,7.9,0.842,600,10.172,12.5,7.2,0.882,600,9.273,11.8,5.7,1.129,600,7.958,11.0,4.9,1.344,600,5.414,9.5,0.4,1.392,600,204.0575,3.9160,600,201.9771,3.9183,600,202.9444,3.5253,600,200.1726,5.6003,600,82.5562,83.25,82.01,0.1976,600,80.4255,80.70,80.10,0.1308,600,29.21344,29.250,29.153,0.02913,600,29.19987,29.243,29.183,0.01353,600,988.5366,989.83,988.03,0.2691,600,999.1601,999.49,998.92,0.0888,600,15.3184,23.63,8.81,3.7855,600,1.689711,1.7651,1.6086,0.026521,600,1.677454,1.7778,1.5979,0.026498,600,0.5921344,0.59250,0.59153,0.0002913,600,0.825562,0.8325,0.8201,0.001976,600,0.5919987,0.59243,0.59183,0.0001353,600,0.804255,0.8070,0.8010,0.001308,600,2.024621,2.0299,2.0226,0.001103,600,1.685322,1.7617,1.5989,0.023936,600,1.665702,1.8389,1.5063,0.037950,600,2.068178,2.0695,2.0672,0.000364,600,0.0095740,0.01477,0.00551,0.0023659,600,14.54,17,11,1.11,600,14.68,18,11,1.11,600,13.96,17,11,1.09,600,13.60,17,10,1.10,600,12.90,16,9,1.16,600,11.71,15,7,1.49,600,10.02,14,6,1.77,600,6.59,12,0,1.84,600,13.3173,13.52,13.12,21.40,23,19,30.13,353485
2026-07-07 18:30:00,10.249,12.5,8.7,0.739,600,10.339,12.5,8.7,0.737,600,9.847,11.8,8.0,0.713,600,9.654,11.8,7.9,0.774,600,9.248,11.0,7.2,0.714,600,8.417,10.3,4.9,0.989,600,7.290,10.2,4.2,1.106,600,4.959,8.0,0.4,1.262,600,204.4075,4.1342,600,202.2035,4.1790,600,203.5734,4.1157,600,200.4532,6.3819,600,82.6527,83.15,81.98,0.2588,600,80.6190,80.97,80.30,0.1676,600,29.19031,29.253,29.136,0.04003,600,29.14665,29.193,29.099,0.02793,600,988.7061,989.92,988.28,0.2072,600,999.3338,999.66,999.00,0.0984,600,4.1692,8.86,0.97,1.9611,600,1.692080,1.7886,1.6167,0.027999,600,1.678984,1.7812,1.5966,0.028264,600,0.5919031,0.59253,0.59136,0.0004003,600,0.826527,0.8315,0.8198,0.002588,600,0.5914665,0.59193,0.59099,0.0002793,600,0.806190,0.8097,0.8030,0.001676,600,2.025316,2.0303,2.0236,0.000850,600,1.689581,1.7704,1.5972,0.027945,600,1.667580,1.8107,1.5083,0.043235,600,2.068890,2.0702,2.0675,0.000403,600,0.0026058,0.00554,0.00060,0.0012257,600,13.05,16,11,0.97,600,13.17,16,11,0.97,600,12.48,15,10,0.94,600,12.24,15,10,1.01,600,11.69,14,9,0.94,600,10.58,13,6,1.31,600,9.14,13,5,1.46,600,5.98,10,0,1.67,600,13.1686,13.26,13.06,21.63,24,18,30.01,353564
2026-07-07 18:40:00,10.793,13.3,7.9,1.161,600,10.827,13.2,7.9,1.196,600,10.179,13.3,7.2,1.202,600,9.746,13.3,7.2,1.199,600,9.188,12.5,6.4,1.117,600,8.190,11.0,4.2,1.228,600,7.125,11.0,3.4,1.420,600,5.002,8.7,0.4,1.404,600,206.4938,4.4114,600,204.4370,4.5534,600,205.6505,5.2363,600,204.7007,7.5327,600,83.4025,83.92,82.78,0.2302,600,80.7298,81.24,80.23,0.2028,600,29.08866,29.146,29.012,0.04171,600,29.10370,29.122,29.069,0.01025,600,988.8726,990.24,988.36,0.2601,600,999.4694,999.66,999.17,0.0712,600,1.0916,1.99,0.97,0.2489,600,1.706196,1.8178,1.6093,0.029883,600,1.694069,1.8023,1.5902,0.030799,600,0.5908866,0.59146,0.59012,0.0004171,600,0.834025,0.8392,0.8278,0.002302,600,0.5910370,0.59122,0.59069,0.0001025,600,0.807298,0.8124,0.8023,0.002028,600,2.025999,2.0316,2.0239,0.001066,600,1.703675,1.8215,1.5885,0.035570,600,1.696284,1.8205,1.5220,0.051041,600,2.069447,2.0702,2.0682,0.000292,600,0.0006822,0.00124,0.00060,0.0001556,600,13.77,17,10,1.52,600,13.82,17,10,1.58,600,12.92,17,9,1.58,600,12.36,17,9,1.57,600,11.62,16,8,1.47,600,10.28,14,5,1.62,600,8.92,14,4,1.87,600,6.04,11,0,1.86,600,13.0997,13.20,13.04,21.73,24,20,30.00,353641
2026-07-07 18:50:00,11.965,14.0,9.4,0.774,600,12.036,14.0,10.2,0.773,600,11.485,13.3,9.5,0.792,600,11.358,13.3,9.5,0.833,600,10.801,12.5,8.7,0.811,600,9.912,12.5,6.5,0.968,600,8.479,11.0,4.9,1.197,600,5.692,9.5,0.4,1.349,600,206.0768,3.3763,600,203.5174,3.8173,600,204.4254,3.8089,600,202.4935,5.5792,600,83.9255,84.26,83.55,0.1548,600,81.4680,81.84,81.07,0.2137,600,28.99433,29.022,28.965,0.01611,600,28.99870,29.075,28.941,0.03572,600,988.9539,990.16,988.36,0.2114,600,999.5953,999.82,999.33,0.0848,600,1.0073,1.18,0.97,0.0375,600,1.703374,1.7866,1.6308,0.022866,600,1.687861,1.7741,1.6123,0.025815,600,0.5899433,0.59022,0.58965,0.0001611,600,0.839255,0.8426,0.8355,0.001548,600,0.5899870,0.59075,0.58941,0.0003572,600,0.814680,0.8184,0.8107,0.002137,600,2.026332,2.0313,2.0239,0.000867,600,1.695362,1.7832,1.5959,0.025863,600,1.681394,1.8033,1.5522,0.037787,600,2.069962,2.0709,2.0689,0.000348,600,0.0006295,0.00074,0.00060,0.0000234,600,15.31,18,12,1.02,600,15.41,18,13,1.02,600,14.64,17,12,1.04,600,14.48,17,12,1.09,600,13.73,16,11,1.06,600,12.55,16,8,1.28,600,10.70,14,6,1.58,600,6.96,12,0,1.79,600,13.0677,13.16,12.96,21.81,26,20,29.97,353717
2026-07-07 19:00:00,10.718,13.3,7.9,0.992,600,10.779,13.2,8.7,0.970,600,10.122,12.5,7.2,0.988,600,9.825,11.8,6.4,0.944,600,9.389,11.8,7.2,0.905,600,8.643,11.0,5.7,0.983,600,7.388,11.0,4.2,1.250,600,5.434,9.5,1.2,1.354,600,208.7877,3.8109,600,207.5610,4.2196,600,209.2022,4.0502,600,207.6296,5.5885,600,84.2654,84.73,83.89,0.1991,600,81.6497,81.94,81.30,0.1553,600,28.95352,28.985,28.918,0.02019,600,28.94568,28.965,28.931,0.00821,600,989.1717,990.41,988.61,0.2690,600,999.8095,1000.15,999.33,0.1046,600,1.0093,1.18,0.97,0.0352,600,1.721706,1.7903,1.6432,0.025808,600,1.715166,1.7886,1.6375,0.028533,600,0.5895352,0.58985,0.58918,0.0002019,600,0.842654,0.8473,0.8389,0.001991,600,0.5894568,0.58965,0.58931,0.0000821,600,0.816497,0.8194,0.8130,0.001553,600,2.027225,2.0323,2.0249,0.001103,600,1.727764,1.8097,1.6372,0.027500,600,1.716129,1.8698,1.5855,0.037851,600,2.070841,2.0722,2.0689,0.000429,600,0.0006308,0.00074,0.00060,0.0000220,600,13.67,17,10,1.30,600,13.75,17,11,1.28,600,12.84,16,9,1.30,600,12.47,15,8,1.24,600,11.88,15,9,1.19,600,10.88,14,7,1.30,600,9.27,14,5,1.65,600,6.61,12,1,1.79,600,13.0501,13.10,12.99,21.88,24,20,29.87,353794
2026-07-07 19:10:00,10.022,11.7,7.9,0.751,600,10.083,11.7,7.9,0.765,600,9.531,11.8,8.0,0.750,600,9.381,11.0,7.9,0.750,600,9.052,11.0,7.2,0.721,600,8.371,11.0,5.7,0.894,600,7.116,9.5,4.2,1.012,600,5.148,8.0,1.2,1.076,600,210.6665,4.2640,600,209.3934,4.5677,600,211.0070,3.9757,600,210.2350,5.6477,600,84.6264,85.03,84.33,0.1548,600,81.6958,82.01,81.44,0.1264,600,28.91139,28.944,28.877,0.02203,600,28.94147,28.961,28.914,0.01178,600,989.3577,990.65,988.85,0.2065,600,1000.0175,1000.23,999.74,0.0760,600,1.0079,1.18,0.97,0.0383,600,1.734407,1.8154,1.6207,0.028885,600,1.727537,1.8208,1.5999,0.030900,600,0.5891139,0.58944,0.58877,0.0002203,600,0.846264,0.8503,0.8433,0.001548,600,0.5894147,0.58961,0.58914,0.0001178,600,0.816958,0.8201,0.8144,0.001264,600,2.027988,2.0333,2.0259,0.000847,600,1.739995,1.8104,1.6496,0.026996,600,1.733733,1.8661,1.5935,0.038254,600,2.071694,2.0726,2.0706,0.000312,600,0.0006299,0.00074,0.00060,0.0000239,600,12.76,15,10,0.99,600,12.84,15,10,1.01,600,12.06,15,10,0.99,600,11.88,14,10,0.98,600,11.44,14,9,0.95,600,10.52,14,7,1.18,600,8.91,12,5,1.33,600,6.23,10,1,1.43,600,13.0423,13.09,12.98,21.83,25,18,29.70,353871
2026-07-07 19:20:00,10.064,12.5,7.2,0.986,600,10.067,12.5,6.4,1.020,600,9.488,11.8,6.4,1.002,600,9.300,11.8,6.4,0.901,600,8.991,11.8,6.4,0.936,600,8.506,10.3,5.7,0.924,600,7.289,10.2,3.4,1.144,600,4.892,8.0,0.4,1.136,600,211.8395,4.4801,600,209.7008,4.3865,600,210.2964,4.2363,600,207.3373,4.8530,600,84.0781,84.80,83.45,0.3403,600,81.6933,82.11,81.34,0.1880,600,28.97265,29.035,28.894,0.04440,600,28.91711,28.938,28.894,0.01216,600,989.5028,990.82,989.01,0.2711,600,1000.1467,1000.40,999.90,0.0908,600,1.0081,1.13,0.97,0.0339,600,1.742355,1.8624,1.6476,0.030349,600,1.729637,1.8732,1.6365,0.029679,600,0.5897265,0.59035,0.58894,0.0004440,600,0.840781,0.8480,0.8345,0.003403,600,0.5891711,0.58938,0.58894,0.0001216,600,0.816933,0.8211,0.8134,0.001880,600,2.028583,2.0340,2.0266,0.001112,600,1.735184,1.8413,1.6224,0.028771,600,1.714139,1.8248,1.5902,0.032864,600,2.072223,2.0732,2.0712,0.000372,600,0.0006300,0.00070,0.00060,0.0000212,600,12.81,16,9,1.29,600,12.81,16,8,1.34,600,12.01,15,8,1.32,600,11.78,15,8,1.18,600,11.36,15,8,1.23,600,10.70,13,7,1.22,600,9.13,13,4,1.51,600,5.89,10,0,1.50,600,13.0353,13.09,12.98,21.92,24,20,29.50,353948
2026-07-07 19:30:00,8.572,11.0,6.4,0.856,600,8.606,11.0,6.4,0.892,600,7.903,10.2,4.9,0.875,600,7.557,9.5,5.7,0.797,600,7.301,9.5,4.9,0.743,600,6.875,8.7,4.9,0.795,600,6.091,8.7,3.4,0.984,600,4.498,8.0,0.4,1.176,600,213.7790,5.3789,600,211.8900,5.6467,600,213.6715,5.1562,600,210.9221,6.1667,600,83.6434,84.09,83.05,0.1947,600,80.9615,81.51,79.66,0.3685,600,28.99302,29.012,28.971,0.00779,600,28.93624,28.981,28.894,0.02346,600,989.7267,990.90,989.26,0.2073,600,1000.3669,1000.64,1000.07,0.0982,600,1.0100,1.18,0.97,0.0365,600,1.755461,1.8624,1.6345,0.036438,600,1.744399,1.8544,1.6264,0.038200,600,0.5899302,0.59012,0.58971,0.0000779,600,0.836434,0.8409,0.8305,0.001947,600,0.5893624,0.58981,0.58894,0.0002346,600,0.809615,0.8151,0.7966,0.003685,600,2.029501,2.0343,2.0276,0.000850,600,1.758068,1.8634,1.6486,0.035019,600,1.738409,1.8762,1.6237,0.041771,600,2.073126,2.0742,2.0719,0.000403,600,0.0006313,0.00074,0.00060,0.0000228,600,10.85,14,8,1.12,600,10.89,14,8,1.18,600,9.92,13,6,1.15,600,9.49,12,7,1.04,600,9.14,12,6,0.97,600,8.54,11,6,1.05,600,7.55,11,4,1.30,600,5.37,10,0,1.56,600,13.0292,13.15,12.94,21.91,27,17,29.40,354025
2026-07-07 19:40:00,8.890,11.7,6.4,1.132,600,8.909,11.7,6.4,1.130,600,8.155,11.0,5.7,1.119,600,7.715,11.0,5.7,1.136,600,7.389,10.2,4.9,0.950,600,6.960,9.5,4.9,0.928,600,5.943,8.7,3.4,1.065,600,4.221,7.2,0.4,1.412,600,210.7546,5.0641,600,208.7833,4.8767,600,210.8989,5.2650,600,209.1181,5.8024,600,83.2956,83.72,82.38,0.2954,600,80.4390,80.87,79.73,0.2162,600,28.98714,29.012,28.965,0.01115,600,28.99148,29.018,28.968,0.01181,600,989.9162,991.06,989.51,0.2572,600,1000.5164,1000.72,1000.40,0.0643,600,1.0116,1.18,0.97,0.0374,600,1.735017,1.8493,1.5848,0.034307,600,1.723435,1.8621,1.6211,0.032988,600,0.5898714,0.59012,0.58965,0.0001115,600,0.832956,0.8372,0.8238,0.002954,600,0.5899148,0.59018,0.58968,0.0001181,600,0.804390,0.8087,0.7973,0.002162,600,2.030278,2.0350,2.0286,0.001054,600,1.739296,1.9054,1.6540,0.035771,600,1.726176,1.8383,1.5989,0.039298,600,2.073739,2.0746,2.0732,0.000264,600,0.0006323,0.00074,0.00060,0.0000234,600,11.27,15,8,1.49,600,11.29,15,8,1.49,600,10.25,14,7,1.47,600,9.70,14,7,1.49,600,9.26,13,6,1.25,600,8.66,12,6,1.23,600,7.36,11,4,1.40,600,5.01,9,0,1.87,600,13.0246,13.11,12.90,21.96,25,19,29.32,354102
2026-07-07 19:50:00,10.425,13.3,8.7,0.769,600,10.466,13.2,8.7,0.786,600,9.826,11.8,8.0,0.679,600,9.530,11.8,7.9,0.672,600,8.975,11.0,7.2,0.707,600,7.968,11.0,4.2,0.921,600,6.622,9.5,3.4,1.091,600,4.424,7.2,0.4,1.198,600,207.7050,3.5735,600,205.5744,3.9322,600,205.7819,4.0704,600,203.1804,6.3081,600,81.7779,82.98,80.94,0.4835,600,80.6669,81.07,80.23,0.1581,600,29.10111,29.139,29.008,0.03214,600,28.91794,28.971,28.860,0.03114,600,989.9325,991.14,989.42,0.2209,600,1000.5969,1000.89,1000.40,0.0851,600,1.0108,1.18,0.97,0.0353,600,1.714382,1.7829,1.6365,0.024200,600,1.701748,1.8020,1.6120,0.026594,600,0.5910111,0.59139,0.59008,0.0003214,600,0.817779,0.8298,0.8094,0.004835,600,0.5891794,0.58971,0.58860,0.0003114,600,0.806669,0.8107,0.8023,0.001581,600,2.030344,2.0353,2.0283,0.000906,600,1.704564,1.7916,1.6204,0.027638,600,1.686062,1.8856,1.5334,0.042746,600,2.074069,2.0753,2.0732,0.000349,600,0.0006318,0.00074,0.00060,0.0000221,600,13.29,17,11,1.01,600,13.34,17,11,1.04,600,12.45,15,10,0.89,600,12.08,15,10,0.88,600,11.34,14,9,0.93,600,9.99,14,5,1.22,600,8.26,12,4,1.44,600,5.28,9,0,1.59,600,13.0215,13.10,12.98,21.91,26,20,29.30,354179
2026-07-07 20:00:00,10.392,13.3,7.9,1.051,600,10.418,13.2,7.9,1.058,600,9.855,12.5,8.0,0.922,600,9.564,11.8,7.2,0.896,600,9.160,11.8,7.2,0.876,600,8.311,11.0,5.7,1.063,600,6.865,10.2,4.2,1.122,600,4.292,8.0,0.4,1.506,600,208.5494,4.8497,600,206.0244,5.0065,600,207.0514,4.8869,600,204.1587,6.4369,600,80.0673,81.10,79.29,0.3969,600,79.8372,80.87,78.89,0.5319,600,29.21221,29.247,29.132,0.03125,600,28.88703,28.954,28.847,0.03239,600,990.0209,991.23,989.51,0.2556,600,1000.6470,1000.89,1000.40,0.0871,600,1.0087,1.18,0.97,0.0379,600,1.720105,1.8456,1.6311,0.032851,600,1.704801,1.8383,1.6033,0.033867,600,0.5921221,0.59247,0.59132,0.0003125,600,0.800673,0.8110,0.7929,0.003969,600,0.5888703,0.58954,0.58847,0.0003239,600,0.798372,0.8087,0.7889,0.005319,600,2.030707,2.0356,2.0286,0.001048,600,1.713170,1.7889,1.6221,0.033183,600,1.692652,1.8644,1.5251,0.043615,600,2.074274,2.0753,2.0732,0.000357,600,0.0006304,0.00074,0.00060,0.0000237,600,13.24,17,10,1.38,600,13.28,17,10,1.39,600,12.49,16,10,1.21,600,12.12,15,9,1.17,600,11.58,15,9,1.15,600,10.44,14,7,1.40,600,8.57,13,5,1.48,600,5.10,10,0,1.99,600,13.0192,13.16,12.96,21.95,24,20,29.23,354256
2026-07-07 20:10:00,10.284,13.3,7.2,0.997,600,10.303,13.2,7.9,0.960,600,9.579,12.5,7.2,0.868,600,9.295,11.8,7.2,0.896,600,8.920,11.8,7.2,0.842,600,8.234,10.3,4.9,0.824,600,7.079,9.5,4.2,1.052,600,4.729,8.7,0.4,1.323,600,207.5828,5.1592,600,205.2361,5.0292,600,206.0354,4.9652,600,202.8873,5.3725,600,78.9822,79.66,78.49,0.3009,600,78.1911,79.29,77.18,0.3715,600,29.25029,29.287,29.226,0.01578,600,28.99724,29.022,28.944,0.02309,600,990.0405,991.14,989.59,0.2219,600,1000.7114,1000.89,1000.48,0.0768,600,1.0103,1.18,0.97,0.0362,600,1.713550,1.8399,1.6083,0.034947,600,1.699465,1.7997,1.6053,0.034013,600,0.5925029,0.59287,0.59226,0.0001578,600,0.789822,0.7966,0.7849,0.003009,600,0.5899724,0.59022,0.58944,0.0002309,600,0.781911,0.7929,0.7718,0.003715,600,2.030788,2.0353,2.0289,0.000910,600,1.706283,1.8087,1.6147,0.033717,600,1.684049,1.7973,1.5630,0.036386,600,2.074539,2.0753,2.0736,0.000315,600,0.0006314,0.00074,0.00060,0.0000226,600,13.10,17,9,1.31,600,13.12,17,10,1.27,600,12.13,16,9,1.14,600,11.77,15,9,1.17,600,11.26,15,9,1.10,600,10.34,13,6,1.09,600,8.86,12,5,1.39,600,5.68,11,0,1.75,600,13.0148,13.06,12.94,21.88,26,17,29.20,354333
2026-07-07 20:20:00,9.972,12.5,7.2,1.000,600,10.008,13.2,7.2,1.069,600,9.252,12.5,7.2,0.853,600,8.876,11.8,7.2,0.842,600,8.427,11.0,6.4,0.729,600,7.592,9.5,4.9,0.811,600,6.530,9.5,3.4,1.088,600,4.255,7.2,0.4,1.417,600,207.9424,4.0691,600,205.5312,4.6688,600,206.5583,4.8073,600,202.7179,6.1826,600,78.9879,79.49,78.45,0.2170,600,77.8160,78.62,77.01,0.4079,600,29.18671,29.250,29.139,0.03399,600,28.99957,29.035,28.948,0.02322,600,990.2298,991.47,989.59,0.2661,600,1000.8579,1001.13,1000.56,0.0833,600,1.0105,1.18,0.97,0.0359,600,1.715988,1.7946,1.6147,0.027559,600,1.701462,1.7980,1.6150,0.031572,600,0.5918671,0.59250,0.59139,0.0003399,600,0.789879,0.7949,0.7845,0.002170,600,0.5899957,0.59035,0.58948,0.0002322,600,0.778160,0.7862,0.7701,0.004079,600,2.031564,2.0367,2.0289,0.001091,600,1.709835,1.8151,1.5932,0.032645,600,1.682926,1.8691,1.5640,0.041902,600,2.075139,2.0763,2.0739,0.000342,600,0.0006316,0.00074,0.00060,0.0000224,600,12.69,16,9,1.31,600,12.74,17,9,1.41,600,11.70,16,9,1.12,600,11.22,15,9,1.10,600,10.62,14,8,0.96,600,9.49,12,6,1.07,600,8.13,12,4,1.43,600,5.05,9,0,1.88,600,13.0125,13.06,12.96,21.92,25,20,29.17,354410
2026-07-07 20:30:00,10.622,14.0,8.7,0.950,600,10.630,14.0,8.7,0.943,600,10.144,14.0,8.0,0.956,600,9.843,13.3,7.2,1.005,600,9.343,12.5,7.2,0.881,600,8.304,11.0,5.7,0.920,600,6.576,10.2,1.9,1.179,600,4.476,9.5,0.4,1.362,600,206.7035,4.3885,600,203.4588,4.1804,600,204.3516,4.7134,600,199.8778,6.3175,600,79.5314,80.13,79.02,0.2611,600,79.5226,80.30,78.62,0.3737,600,29.10930,29.156,29.065,0.02270,600,28.83099,28.951,28.770,0.05464,600,990.3625,991.55,989.83,0.2001,600,1001.0038,1001.30,1000.80,0.0720,600,1.0095,1.18,0.97,0.0368,600,1.707620,1.8517,1.6177,0.029729,600,1.687457,1.7587,1.5919,0.028269,600,0.5910930,0.59156,0.59065,0.0002270,600,0.795314,0.8013,0.7902,0.002611,600,0.5883099,0.58951,0.58770,0.0005464,600,0.795226,0.8030,0.7862,0.003737,600,2.032107,2.0370,2.0299,0.000821,600,1.694872,1.8188,1.5996,0.032014,600,1.663685,1.7923,1.4448,0.042812,600,2.075738,2.0769,2.0749,0.000295,600,0.0006309,0.00074,0.00060,0.0000230,600,13.54,18,11,1.25,600,13.56,18,11,1.24,600,12.87,18,10,1.26,600,12.49,17,9,1.32,600,11.82,16,9,1.16,600,10.43,14,7,1.21,600,8.20,13,2,1.55,600,5.34,12,0,1.80,600,13.0079,13.09,12.95,21.95,26,20,29.18,354487
2026-07-07 20:40:00,10.687,14.0,8.7,0.835,600,10.730,13.2,8.7,0.826,600,10.120,12.5,7.2,0.796,600,9.886,11.8,7.9,0.673,600,9.431,11.0,7.2,0.675,600,8.382,11.0,5.7,0.942,600,6.803,9.5,3.4,1.080,600,4.323,8.0,0.4,1.660,600,207.7552,4.4048,600,204.9901,4.0045,600,205.2687,3.9390,600,198.7299,5.8663,600,79.8896,80.43,79.49,0.1980,600,81.2404,81.98,80.06,0.4352,600,29.04741,29.069,29.022,0.01164,600,28.67678,28.780,28.599,0.05891,600,990.4836,991.80,989.92,0.2985,600,1001.1250,1001.30,1000.89,0.0805,600,1.0090,1.18,0.97,0.0375,600,1.714731,1.8185,1.6385,0.029834,600,1.697806,1.7903,1.6217,0.027079,600,0.5904741,0.59069,0.59022,0.0001164,600,0.798896,0.8043,0.7949,0.001980,600,0.5867678,0.58780,0.58599,0.0005891,600,0.812404,0.8198,0.8006,0.004352,600,2.032604,2.0380,2.0303,0.001224,600,1.701090,1.7919,1.6056,0.026748,600,1.655928,1.7990,1.5052,0.039741,600,2.076234,2.0769,2.0753,0.000330,600,0.0006306,0.00074,0.00060,0.0000234,600,13.63,18,11,1.10,600,13.69,17,11,1.09,600,12.84,16,9,1.05,600,12.55,15,10,0.88,600,11.93,14,9,0.89,600,10.53,14,7,1.24,600,8.49,12,4,1.42,600,5.14,10,0,2.20,600,13.0056,13.10,12.95,21.93,28,18,29.16,354566
2026-07-07 20:50:00,10.429,13.3,7.9,0.998,600,10.540,13.2,7.9,0.981,600,9.796,12.5,7.2,0.936,600,9.537,11.8,7.2,0.887,600,9.049,11.0,7.2,0.752,600,7.791,10.3,4.9,0.980,600,6.126,8.7,0.4,1.098,600,3.882,8.7,0.4,1.541,600,207.2028,4.6964,600,204.5748,4.5239,600,204.7031,4.3897,600,199.9553,6.6386,600,79.5904,80.16,78.82,0.2539,600,81.1688,81.94,79.93,0.6800,600,29.05487,29.082,29.025,0.01425,600,28.60891,28.666,28.575,0.02321,600,990.5897,991.88,989.92,0.2230,600,1001.2648,1001.54,1001.05,0.0688,600,1.0069,1.18,0.97,0.0364,600,1.710998,1.8292,1.6221,0.031816,600,1.695004,1.7993,1.6076,0.030597,600,0.5905487,0.59082,0.59025,0.0001425,600,0.795904,0.8016,0.7882,0.002539,600,0.5860891,0.58666,0.58575,0.0002321,600,0.811688,0.8194,0.7993,0.006800,600,2.033039,2.0383,2.0303,0.000914,600,1.697241,1.7809,1.5687,0.029814,600,1.664227,1.8208,1.4861,0.044985,600,2.076808,2.0779,2.0759,0.000282,600,0.0006293,0.00074,0.00060,0.0000228,600,13.29,17,10,1.31,600,13.44,17,10,1.29,600,12.41,16,9,1.23,600,12.09,15,9,1.16,600,11.43,14,9,0.99,600,9.75,13,6,1.29,600,7.60,11,0,1.45,600,4.56,11,0,2.04,600,13.0022,13.05,12.93,22.00,27,19,29.07,354643
2026-07-07 21:00:00,10.065,12.5,7.2,1.247,600,10.128,13.2,7.2,1.206,600,9.342,11.8,7.2,1.088,600,8.944,11.0,7.2,0.926,600,8.459,11.0,5.7,0.913,600,7.603,10.3,4.9,0.829,600,6.034,8.7,3.4,0.990,600,3.553,7.2,0.4,1.706,600,206.0739,6.0849,600,203.3993,5.9717,600,204.2930,5.8528,600,198.2003,6.8944,600,79.1828,79.96,78.62,0.2917,600,80.4421,80.77,80.06,0.1760,600,29.08555,29.109,29.055,0.01121,600,28.66617,28.693,28.639,0.01419,600,990.7735,992.04,990.24,0.2955,600,1001.4229,1001.71,1001.21,0.0856,600,1.0094,1.18,0.97,0.0380,600,1.703362,1.8359,1.6046,0.041220,600,1.687063,1.7990,1.5694,0.040395,600,0.5908555,0.59109,0.59055,0.0001121,600,0.791828,0.7996,0.7862,0.002917,600,0.5866617,0.58693,0.58639,0.0001419,600,0.804421,0.8077,0.8006,0.001760,600,2.033793,2.0390,2.0316,0.001212,600,1.694469,1.8245,1.5724,0.039759,600,1.652423,1.8994,1.5063,0.046744,600,2.077456,2.0786,2.0766,0.000351,600,0.0006309,0.00074,0.00060,0.0000238,600,12.81,16,9,1.64,600,12.89,17,9,1.59,600,11.82,15,9,1.43,600,11.31,14,9,1.21,600,10.66,14,7,1.20,600,9.51,13,6,1.09,600,7.48,11,4,1.31,600,4.12,9,0,2.26,600,12.9980,13.05,12.94,22.04,25,18,29.05,354720
2026-07-07 21:10:00,9.174,11.7,7.2,0.805,600,9.286,11.7,7.2,0.830,600,8.437,11.0,6.4,0.705,600,8.050,10.2,5.7,0.751,600,7.389,9.5,4.1,0.878,600,6.237,9.5,4.2,0.917,600,4.742,7.2,0.4,1.139,600,2.366,6.5,0.4,1.676,600,207.5926,6.0891,600,204.4837,5.9510,600,204.2031,5.8598,600,198.7122,8.1351,600,80.0039,80.67,79.19,0.2969,600,81.5138,81.94,80.10,0.4420,600,28.97276,29.062,28.938,0.03336,600,28.58318,28.656,28.518,0.04922,600,990.9716,992.13,990.57,0.2031,600,1001.6031,1001.79,1001.38,0.0755,600,1.0065,1.18,0.97,0.0364,600,1.713643,1.8527,1.5737,0.041266,600,1.694431,1.8963,1.5979,0.040284,600,0.5897276,0.59062,0.58938,0.0003336,600,0.800039,0.8067,0.7919,0.002969,600,0.5858318,0.58656,0.58518,0.0004922,600,0.815138,0.8194,0.8010,0.004420,600,2.034605,2.0393,2.0330,0.000833,600,1.693874,1.8285,1.5462,0.039811,600,1.655921,1.9161,1.4818,0.055227,600,2.078195,2.0789,2.0773,0.000310,600,0.0006291,0.00074,0.00060,0.0000228,600,11.64,15,9,1.06,600,11.79,15,9,1.09,600,10.62,14,8,0.93,600,10.14,13,7,0.98,600,9.26,12,5,1.15,600,7.70,12,5,1.21,600,5.78,9,0,1.50,600,2.55,8,0,2.22,600,12.9958,13.16,12.89,22.02,25,20,29.02,354797
2026-07-07 21:20:00,9.065,11.7,7.2,0.970,600,9.110,12.5,7.2,0.970,600,8.125,11.0,5.7,0.940,600,7.685,10.2,5.7,0.954,600,7.055,9.5,4.1,0.920,600,5.920,8.7,3.4,0.798,600,4.979,7.2,0.4,1.005,600,2.543,6.5,0.4,1.699,600,208.8149,5.2728,600,206.2090,5.6810,600,206.3958,5.5249,600,202.4363,8.2990,600,79.7813,80.60,79.26,0.2339,600,80.7462,81.88,79.66,0.5737,600,28.97361,29.005,28.938,0.01660,600,28.56042,28.629,28.511,0.03874,600,991.1722,992.45,990.73,0.2424,600,1001.8069,1002.03,1001.54,0.0815,600,1.0077,1.18,0.97,0.0384,600,1.721899,1.8379,1.6076,0.035717,600,1.706044,1.8272,1.5637,0.038434,600,0.5897361,0.59005,0.58938,0.0001660,600,0.797813,0.8060,0.7926,0.002339,600,0.5856042,0.58629,0.58511,0.0003874,600,0.807462,0.8188,0.7966,0.005737,600,2.035427,2.0407,2.0336,0.000994,600,1.708716,1.8091,1.5784,0.037531,600,1.680938,1.8436,1.4707,0.056256,600,2.079030,2.0800,2.0779,0.000334,600,0.0006298,0.00074,0.00060,0.0000240,600,11.50,15,9,1.27,600,11.55,16,9,1.28,600,10.21,14,7,1.24,600,9.66,13,7,1.25,600,8.82,12,5,1.21,600,7.28,11,4,1.05,600,6.09,9,0,1.33,600,2.78,8,0,2.25,600,12.9929,13.04,12.94,21.99,28,19,29.01,354874
2026-07-07 21:30:00,9.078,12.5,6.4,1.049,600,9.101,12.5,5.7,1.062,600,8.384,11.0,6.4,0.885,600,7.895,10.2,5.7,0.917,600,7.295,10.2,4.9,0.934,600,6.150,9.5,3.4,1.205,600,4.738,8.7,0.4,1.580,600,2.527,7.2,0.4,1.898,600,207.9319,6.2147,600,205.1814,6.3946,600,206.1727,6.7303,600,200.9787,8.4052,600,79.1162,79.73,78.59,0.2964,600,78.6877,79.79,77.65,0.8005,600,29.02145,29.069,28.981,0.02760,600,28.69993,28.824,28.622,0.06520,600,991.2673,992.37,990.73,0.1939,600,1001.9178,1002.11,1001.79,0.0621,600,1.0076,1.18,0.97,0.0347,600,1.715956,1.8718,1.6086,0.042120,600,1.699110,1.8930,1.5439,0.043288,600,0.5902145,0.59069,0.58981,0.0002760,600,0.791162,0.7973,0.7859,0.002964,600,0.5869993,0.58824,0.58622,0.0006520,600,0.786877,0.7979,0.7765,0.008005,600,2.035817,2.0403,2.0336,0.000795,600,1.707236,1.9007,1.5610,0.045743,600,1.671070,1.8077,1.4374,0.056988,600,2.079485,2.0803,2.0789,0.000255,600,0.0006298,0.00074,0.00060,0.0000217,600,11.52,16,8,1.38,600,11.54,16,7,1.40,600,10.55,14,8,1.17,600,9.94,13,7,1.20,600,9.13,13,6,1.22,600,7.59,12,4,1.59,600,5.77,11,0,2.08,600,2.76,9,0,2.51,600,12.9911,13.06,12.93,22.00,26,20,29.00,354951
2026-07-07 21:40:00,8.867,12.5,6.4,1.209,600,8.832,11.7,5.7,1.170,600,8.349,11.8,5.7,1.118,600,8.106,11.0,4.9,1.170,600,7.591,11.0,4.1,1.285,600,6.593,10.3,2.7,1.609,600,4.999,9.5,0.4,2.167,600,3.152,8.7,0.4,2.201,600,209.6622,6.7694,600,208.0437,7.1301,600,208.4164,6.8553,600,204.3604,8.8069,600,78.6429,79.12,78.22,0.2089,600,76.9207,78.08,75.73,0.7350,600,29.06892,29.119,29.028,0.02276,600,28.86674,29.012,28.817,0.05606,600,991.3085,992.45,990.90,0.2703,600,1001.9001,1002.11,1001.62,0.0660,600,1.0095,1.18,0.97,0.0366,600,1.727643,1.8638,1.6083,0.045864,600,1.718476,1.8695,1.5774,0.048252,600,0.5906892,0.59119,0.59028,0.0002276,600,0.786429,0.7912,0.7822,0.002089,600,0.5886674,0.59012,0.58817,0.0005606,600,0.769207,0.7808,0.7573,0.007350,600,2.035986,2.0407,2.0343,0.001108,600,1.722446,1.8809,1.5815,0.046587,600,1.693957,1.9064,1.4458,0.059748,600,2.079412,2.0803,2.0783,0.000271,600,0.0006309,0.00074,0.00060,0.0000229,600,11.24,16,8,1.59,600,11.19,15,7,1.54,600,10.51,15,7,1.47,600,10.21,14,6,1.53,600,9.52,14,5,1.69,600,8.17,13,3,2.12,600,6.12,12,0,2.86,600,3.59,11,0,2.92,600,12.9884,13.09,12.94,21.94,24,20,29.00,355028
2026-07-07 21:50:00,8.857,12.5,6.4,1.061,600,8.854,12.5,6.4,1.018,600,8.394,11.0,4.2,1.125,600,8.130,11.0,4.9,1.078,600,7.772,10.2,4.1,1.091,600,6.987,9.5,4.2,1.070,600,5.714,8.7,2.6,1.171,600,3.419,7.2,0.4,1.678,600,207.9037,5.7774,600,206.1154,5.8380,600,207.2392,5.9161,600,205.3894,8.6922,600,78.6419,78.99,78.25,0.1603,600,76.1422,76.50,75.83,0.1540,600,29.07507,29.122,29.035,0.02069,600,29.01459,29.038,28.985,0.01374,600,991.3368,992.45,990.98,0.1923,600,1001.9762,1002.20,1001.71,0.0661,600,1.0107,1.18,0.97,0.0363,600,1.715723,1.8309,1.5747,0.039140,600,1.705380,1.8497,1.5089,0.039518,600,0.5907507,0.59122,0.59035,0.0002069,600,0.786419,0.7899,0.7825,0.001603,600,0.5901459,0.59038,0.58985,0.0001374,600,0.761422,0.7650,0.7583,0.001540,600,2.036102,2.0407,2.0346,0.000788,600,1.714450,1.8369,1.5603,0.040199,600,1.701056,1.8896,1.5465,0.058902,600,2.079724,2.0806,2.0786,0.000271,600,0.0006317,0.00074,0.00060,0.0000227,600,11.22,16,8,1.39,600,11.21,16,8,1.34,600,10.57,14,5,1.48,600,10.24,14,6,1.41,600,9.76,13,5,1.43,600,8.69,12,5,1.41,600,7.06,11,3,1.54,600,3.94,9,0,2.22,600,12.9843,13.09,12.92,22.05,25,20,29.01,355105
2026-07-07 22:00:00,9.402,12.5,4.9,1.402,600,9.454,12.5,5.7,1.381,600,8.914,12.5,5.7,1.387,600,8.569,11.8,4.9,1.386,600,8.021,11.8,4.9,1.296,600,6.960,11.0,3.4,1.262,600,5.674,9.5,2.6,1.246,600,3.635,8.7,0.4,1.759,600,207.5551,5.6910,600,205.2783,6.1936,600,207.5045,6.7113,600,204.8305,8.4989,600,78.7795,79.06,78.52,0.1289,600,76.3413,76.61,75.87,0.1589,600,29.06220,29.102,29.035,0.01475,600,28.97298,28.991,28.951,0.01122,600,991.3586,992.62,990.82,0.2639,600,1001.9870,1002.20,1001.79,0.0642,600,1.0123,1.18,0.97,0.0338,600,1.713359,1.8235,1.5663,0.038559,600,1.699730,1.8225,1.5737,0.041902,600,0.5906220,0.59102,0.59035,0.0001475,600,0.787795,0.7906,0.7852,0.001289,600,0.5897298,0.58991,0.58951,0.0001122,600,0.763413,0.7661,0.7587,0.001589,600,2.036192,2.0414,2.0340,0.001082,600,1.716246,1.8933,1.5694,0.045608,600,1.697104,1.8587,1.4764,0.057634,600,2.079769,2.0806,2.0789,0.000263,600,0.0006327,0.00074,0.00060,0.0000212,600,11.94,16,6,1.84,600,12.01,16,7,1.82,600,11.25,16,7,1.83,600,10.82,15,6,1.82,600,10.08,15,6,1.70,600,8.66,14,4,1.67,600,7.00,12,3,1.64,600,4.23,11,0,2.33,600,12.9810,13.05,12.88,22.02,25,19,29.02,355181
2026-07-07 22:10:00,9.324,12.5,6.4,1.007,600,9.386,12.5,7.2,0.991,600,8.822,12.5,6.4,1.024,600,8.490,11.8,5.7,1.104,600,7.876,11.0,4.9,1.026,600,6.608,9.5,4.2,1.088,600,5.267,9.5,0.4,1.168,600,3.007,7.2,0.4,1.829,600,206.2907,5.4818,600,204.7211,5.7776,600,206.0530,5.9709,600,203.9369,8.3211,600,78.6952,79.02,78.38,0.1646,600,76.6376,77.11,76.03,0.2830,600,29.06849,29.109,29.018,0.02661,600,28.94708,29.001,28.874,0.04164,600,991.3355,992.54,990.65,0.2119,600,1001.9894,1002.20,1001.71,0.0748,600,1.0111,1.18,0.97,0.0353,600,1.704808,1.8242,1.5539,0.037139,600,1.695996,1.8248,1.6003,0.039082,600,0.5906849,0.59109,0.59018,0.0002661,600,0.786952,0.7902,0.7838,0.001646,600,0.5894708,0.59001,0.58874,0.0004164,600,0.766376,0.7711,0.7603,0.002830,600,2.036097,2.0410,2.0333,0.000869,600,1.706410,1.8386,1.5677,0.040572,600,1.691169,1.9255,1.5200,0.056420,600,2.079779,2.0806,2.0786,0.000307,600,0.0006319,0.00074,0.00060,0.0000221,600,11.84,16,8,1.32,600,11.92,16,9,1.31,600,11.13,16,8,1.35,600,10.72,15,7,1.45,600,9.89,14,6,1.35,600,8.19,12,5,1.44,600,6.47,12,0,1.54,600,3.40,9,0,2.42,600,12.9800,13.10,12.93,22.03,24,19,29.04,355258
2026-07-07 22:20:00,8.525,11.0,5.6,0.998,600,8.539,11.7,5.7,1.040,600,8.078,11.0,4.9,0.964,600,7.860,11.0,4.9,1.029,600,7.351,9.5,4.9,0.882,600,6.443,8.7,4.2,0.986,600,5.429,8.7,2.6,1.046,600,3.638,6.5,0.4,1.264,600,210.3709,6.6644,600,208.8440,6.5929,600,210.0144,6.4301,600,207.5685,7.9008,600,79.0189,79.26,78.69,0.1160,600,76.8576,77.11,76.54,0.1197,600,29.01925,29.038,28.995,0.01187,600,28.88284,28.897,28.867,0.00701,600,991.5151,992.62,991.23,0.2426,600,1002.1558,1002.36,1001.95,0.0649,600,1.0122,1.18,0.97,0.0342,600,1.732452,1.9185,1.6066,0.045184,600,1.723820,1.8456,1.5677,0.044615,600,0.5901925,0.59038,0.58995,0.0001187,600,0.790189,0.7926,0.7869,0.001160,600,0.5888284,0.58897,0.58867,0.0000701,600,0.768576,0.7711,0.7654,0.001197,600,2.036833,2.0414,2.0356,0.000995,600,1.733301,1.9171,1.6070,0.043689,600,1.715644,1.8725,1.5069,0.053560,600,2.080461,2.0813,2.0796,0.000266,600,0.0006326,0.00074,0.00060,0.0000214,600,10.79,14,7,1.31,600,10.80,15,7,1.37,600,10.15,14,6,1.27,600,9.89,14,6,1.35,600,9.21,12,6,1.16,600,7.97,11,5,1.30,600,6.68,11,3,1.38,600,4.23,8,0,1.67,600,12.9762,13.09,12.90,22.03,26,20,29.06,355335
2026-07-07 22:30:00,8.981,11.7,7.2,0.889,600,9.055,11.7,7.2,0.939,600,8.296,11.0,5.7,0.969,600,7.840,10.2,5.7,0.962,600,7.314,9.5,4.9,0.837,600,6.541,9.5,4.2,1.034,600,5.383,7.9,1.1,1.082,600,3.445,7.2,0.4,1.575,600,209.8875,5.8986,600,207.3102,6.8255,600,209.0349,7.0330,600,207.0935,8.6495,600,78.8463,79.16,78.59,0.1159,600,76.6169,76.94,76.37,0.1253,600,29.03699,29.059,29.012,0.01258,600,28.90585,28.924,28.884,0.00833,600,991.4297,992.70,990.98,0.2096,600,1002.0952,1002.28,1001.87,0.0640,600,1.0100,1.18,0.97,0.0365,600,1.729142,1.8534,1.6184,0.039963,600,1.713472,1.8524,1.5670,0.046193,600,0.5903699,0.59059,0.59012,0.0001258,600,0.788463,0.7916,0.7859,0.001159,600,0.5890585,0.58924,0.58884,0.0000833,600,0.766169,0.7694,0.7637,0.001253,600,2.036483,2.0417,2.0346,0.000859,600,1.726661,1.9010,1.6100,0.047793,600,1.712394,1.9185,1.4646,0.058672,600,2.080212,2.0810,2.0793,0.000263,600,0.0006313,0.00074,0.00060,0.0000228,600,11.39,15,9,1.17,600,11.48,15,9,1.24,600,10.44,14,7,1.28,600,9.87,13,7,1.26,600,9.16,12,6,1.10,600,8.10,12,5,1.36,600,6.62,10,1,1.43,600,3.98,9,0,2.09,600,12.9742,13.04,12.93,22.02,28,19,29.09,355412
2026-07-07 22:40:00,8.678,11.0,6.4,0.785,600,8.798,11.7,6.4,0.809,600,8.158,11.0,5.7,0.902,600,7.866,11.0,5.7,0.939,600,7.465,10.2,4.9,0.898,600,6.800,8.7,4.2,0.772,600,5.877,7.9,1.1,0.996,600,4.068,7.2,0.4,1.423,600,208.0110,5.5613,600,205.9680,5.6535,600,207.6447,5.5026,600,205.9816,6.7374,600,78.9848,79.26,78.62,0.1123,600,76.6930,76.94,76.30,0.1202,600,29.00680,29.025,28.975,0.01047,600,28.89143,28.907,28.867,0.00921,600,991.4350,992.70,991.06,0.2470,600,1002.0506,1002.28,1001.87,0.0686,600,1.0138,1.18,0.97,0.0350,600,1.716454,1.8349,1.6140,0.037668,600,1.704390,1.8198,1.5939,0.038240,600,0.5900680,0.59025,0.58975,0.0001047,600,0.789848,0.7926,0.7862,0.001123,600,0.5889143,0.58907,0.58867,0.0000921,600,0.766930,0.7694,0.7630,0.001202,600,2.036505,2.0417,2.0350,0.001013,600,1.717191,1.8225,1.6170,0.037367,600,1.704993,1.8517,1.5220,0.045651,600,2.080029,2.0810,2.0793,0.000281,600,0.0006336,0.00074,0.00060,0.0000218,600,10.99,14,8,1.03,600,11.14,15,8,1.07,600,10.26,14,7,1.19,600,9.90,14,7,1.23,600,9.36,13,6,1.18,600,8.45,11,5,1.02,600,7.27,10,1,1.31,600,4.80,9,0,1.88,600,12.9727,13.09,12.88,22.00,28,19,29.04,355489
2026-07-07 22:50:00,8.905,13.3,6.4,1.354,600,8.923,13.2,6.4,1.361,600,8.227,11.8,5.7,1.064,600,7.907,10.2,5.7,0.961,600,7.515,10.2,4.9,1.026,600,6.816,9.5,4.2,1.006,600,5.838,8.7,4.2,1.020,600,3.381,6.5,0.4,1.697,600,207.9336,5.8799,600,206.4802,5.8396,600,208.0244,6.3911,600,205.7881,7.8075,600,78.9683,79.26,78.42,0.1700,600,76.8245,77.08,76.30,0.1718,600,28.98851,29.038,28.971,0.01425,600,28.84118,28.871,28.820,0.01126,600,991.3946,992.62,990.98,0.2689,600,1002.0195,1002.20,1001.87,0.0682,600,1.0109,1.18,0.97,0.0371,600,1.715927,1.8312,1.5878,0.039835,600,1.707865,1.8171,1.5774,0.039504,600,0.5898851,0.59038,0.58971,0.0001425,600,0.789683,0.7926,0.7842,0.001700,600,0.5884118,0.58871,0.58820,0.0001126,600,0.768245,0.7708,0.7630,0.001718,600,2.036339,2.0414,2.0346,0.001103,600,1.719769,1.8440,1.5942,0.043416,600,1.703809,1.9561,1.5912,0.052986,600,2.079902,2.0806,2.0793,0.000280,600,0.0006318,0.00074,0.00060,0.0000232,600,11.29,17,8,1.78,600,11.31,17,8,1.79,600,10.35,15,7,1.40,600,9.95,13,7,1.26,600,9.42,13,6,1.35,600,8.47,12,5,1.33,600,7.22,11,5,1.34,600,3.89,8,0,2.25,600,12.9720,13.03,12.92,21.95,24,20,29.05,355568
2026-07-07 23:00:00,9.179,12.5,7.2,0.926,600,9.161,12.5,7.2,0.931,600,8.532,11.0,6.4,0.868,600,8.075,11.8,5.7,0.898,600,7.618,10.2,4.9,0.906,600,7.138,9.5,4.2,0.931,600,6.154,8.7,3.4,1.014,600,4.522,7.2,0.4,1.093,600,212.3257,4.6043,600,210.7440,5.1066,600,211.2448,5.2960,600,210.1707,5.9072,600,78.6043,78.85,78.38,0.0984,600,76.3941,76.74,76.00,0.1539,600,29.03149,29.048,29.018,0.00551,600,28.90882,28.938,28.857,0.02171,600,991.4013,992.62,990.98,0.1901,600,1002.0865,1002.28,1001.87,0.0668,600,1.0114,1.18,0.97,0.0357,600,1.745640,1.8480,1.6352,0.031188,600,1.736656,1.8490,1.6274,0.034539,600,0.5903149,0.59048,0.59018,0.0000551,600,0.786043,0.7885,0.7838,0.000984,600,0.5890882,0.58938,0.58857,0.0002171,600,0.763941,0.7674,0.7600,0.001539,600,2.036367,2.0414,2.0346,0.000779,600,1.741608,1.8299,1.6378,0.035966,600,1.733282,1.8419,1.5959,0.040014,600,2.080176,2.0810,2.0793,0.000274,600,0.0006321,0.00074,0.00060,0.0000223,600,11.65,16,9,1.22,600,11.62,16,9,1.23,600,10.75,14,8,1.14,600,10.17,15,7,1.18,600,9.55,13,6,1.19,600,8.89,12,5,1.23,600,7.64,11,4,1.34,600,5.41,9,0,1.45,600,12.9684,13.06,12.89,22.04,25,20,29.05,355645
2026-07-07 23:10:00,8.910,11.7,6.4,1.078,600,8.965,11.7,6.4,1.084,600,8.422,11.8,6.4,1.026,600,8.010,11.0,5.7,0.997,600,7.615,10.2,5.7,0.871,600,6.931,8.7,4.2,0.760,600,6.042,8.7,3.4,0.904,600,4.137,6.5,0.4,1.154,600,213.2185,5.1928,600,211.9340,5.3457,600,214.0527,4.9626,600,210.7353,5.9416,600,78.6565,78.89,78.35,0.1254,600,76.3839,76.74,76.07,0.1713,600,29.00668,29.038,28.981,0.01561,600,28.90687,28.921,28.891,0.00648,600,991.4016,992.62,991.06,0.2477,600,1002.0533,1002.20,1001.87,0.0734,600,1.0113,1.18,0.97,0.0347,600,1.751682,1.8822,1.6298,0.035183,600,1.744702,1.8705,1.6325,0.036159,600,0.5900668,0.59038,0.58981,0.0001561,600,0.786565,0.7889,0.7835,0.001254,600,0.5890687,0.58921,0.58891,0.0000648,600,0.763839,0.7674,0.7607,0.001713,600,2.036368,2.0414,2.0350,0.001015,600,1.760651,1.8735,1.6590,0.033705,600,1.737079,1.8611,1.5546,0.040262,600,2.080041,2.0806,2.0793,0.000301,600,0.0006321,0.00074,0.00060,0.0000217,600,11.29,15,8,1.42,600,11.36,15,8,1.43,600,10.61,15,8,1.35,600,10.09,14,7,1.31,600,9.55,13,7,1.14,600,8.62,11,5,1.00,600,7.49,11,4,1.19,600,4.89,8,0,1.53,600,12.9677,13.05,12.92,22.04,26,20,29.06,355722
2026-07-07 23:20:00,8.750,11.0,7.2,0.754,600,8.818,11.0,7.2,0.701,600,8.203,11.8,5.7,0.876,600,7.985,11.0,5.7,0.964,600,7.783,10.2,5.7,0.941,600,7.454,10.3,4.2,0.896,600,6.530,8.7,4.2,0.982,600,4.132,7.2,0.4,1.381,600,210.8115,6.5916,600,208.5452,6.3686,600,209.1562,5.4864,600,205.8680,5.9853,600,78.4789,79.02,78.08,0.2319,600,76.1632,76.47,75.90,0.1100,600,29.02859,29.062,28.975,0.02601,600,28.88764,28.901,28.874,0.00702,600,991.2575,992.54,990.90,0.1992,600,1001.9260,1002.20,1001.79,0.0673,600,1.0105,1.24,0.97,0.0357,600,1.735424,1.8923,1.6204,0.044675,600,1.721805,1.8396,1.5915,0.043089,600,0.5902859,0.59062,0.58975,0.0002601,600,0.784789,0.7902,0.7808,0.002319,600,0.5888764,0.58901,0.58874,0.0000702,600,0.761632,0.7647,0.7590,0.001100,600,2.035777,2.0410,2.0343,0.000817,600,1.727467,1.8681,1.6026,0.037267,600,1.704237,1.8537,1.5929,0.040549,600,2.079519,2.0806,2.0789,0.000276,600,0.0006316,0.00077,0.00060,0.0000223,600,11.09,14,9,0.99,600,11.17,14,9,0.92,600,10.32,15,7,1.15,600,10.05,14,7,1.26,600,9.77,13,7,1.23,600,9.31,13,5,1.18,600,8.13,11,5,1.29,600,4.89,9,0,1.83,600,12.9647,13.02,12.92,22.06,24,20,29.04,355799
2026-07-07 23:30:00,9.369,12.5,7.2,1.042,600,9.421,12.5,6.4,1.057,600,8.727,11.8,6.4,1.008,600,8.312,11.8,5.7,1.040,600,7.874,11.0,4.9,1.022,600,7.189,9.5,4.2,0.919,600,6.037,8.7,3.4,0.946,600,3.727,7.2,0.4,1.479,600,208.9270,5.8710,600,206.5766,5.7969,600,207.8769,5.9393,600,203.5731,6.7292,600,79.4668,79.90,78.99,0.2496,600,76.7596,77.44,76.10,0.3687,600,28.94192,28.978,28.907,0.01440,600,28.86061,28.907,28.807,0.03307,600,991.2096,992.45,990.65,0.2623,600,1001.8647,1002.11,1001.71,0.0688,600,1.0123,1.18,0.97,0.0348,600,1.722652,1.8530,1.6076,0.039779,600,1.708515,1.8910,1.5462,0.039232,600,0.5894192,0.58978,0.58907,0.0001440,600,0.794668,0.7990,0.7899,0.002496,600,0.5886061,0.58907,0.58807,0.0003307,600,0.767596,0.7744,0.7610,0.003687,600,2.035581,2.0407,2.0333,0.001075,600,1.718772,1.8513,1.5694,0.040350,600,1.688720,1.9578,1.4925,0.045674,600,2.079267,2.0803,2.0786,0.000282,600,0.0006327,0.00074,0.00060,0.0000218,600,11.90,16,9,1.37,600,11.96,16,8,1.39,600,11.01,15,8,1.33,600,10.48,15,7,1.36,600,9.89,14,6,1.34,600,8.96,12,5,1.21,600,7.48,11,4,1.25,600,4.35,9,0,1.96,600,12.9621,13.04,12.92,22.03,24,20,29.05,355876
2026-07-07 23:40:00,9.740,12.5,6.4,0.991,600,9.775,12.5,6.4,1.005,600,9.403,11.8,7.2,0.954,600,9.221,11.8,6.4,1.019,600,8.872,11.8,6.4,0.966,600,8.282,11.0,4.9,1.021,600,6.835,11.0,3.4,1.248,600,4.707,8.0,0.4,1.299,600,209.2339,6.1595,600,207.6053,7.0520,600,209.0535,7.3143,600,206.2611,8.4314,600,80.2994,80.57,79.90,0.1758,600,77.5573,77.78,77.18,0.1387,600,28.89648,28.918,28.871,0.01307,600,28.80308,28.817,28.790,0.00589,600,991.0996,992.29,990.57,0.2629,600,1001.7381,1001.95,1001.46,0.0745,600,1.0124,1.18,0.97,0.0345,600,1.724729,1.8641,1.6170,0.041728,600,1.715437,1.8352,1.5674,0.047709,600,0.5889648,0.58918,0.58871,0.0001307,600,0.802994,0.8057,0.7990,0.001758,600,0.5880308,0.58817,0.58790,0.0000589,600,0.775573,0.7778,0.7718,0.001387,600,2.035130,2.0400,2.0330,0.001078,600,1.726727,1.9182,1.5815,0.049704,600,1.706852,1.8809,1.5422,0.057121,600,2.078748,2.0796,2.0776,0.000306,600,0.0006327,0.00074,0.00060,0.0000216,600,12.38,16,8,1.30,600,12.43,16,8,1.32,600,11.90,15,9,1.26,600,11.68,15,8,1.34,600,11.20,15,8,1.27,600,10.40,14,6,1.35,600,8.54,14,4,1.65,600,5.65,10,0,1.72,600,12.9592,13.02,12.88,22.03,25,18,29.04,355953
2026-07-07 23:50:00,10.821,14.0,8.7,1.299,600,10.897,14.0,7.9,1.307,600,10.437,14.0,8.7,1.091,600,10.164,13.3,7.9,1.120,600,9.862,13.3,7.2,1.025,600,9.117,11.8,5.7,1.158,600,7.989,11.7,4.9,1.218,600,5.651,10.3,0.4,1.412,600,210.6747,5.6526,600,208.7404,5.3517,600,210.2097,5.5027,600,208.5789,5.9153,600,80.3957,80.57,80.23,0.0640,600,77.5349,77.95,77.21,0.1714,600,28.92744,28.948,28.894,0.01267,600,28.85233,28.904,28.803,0.02412,600,990.9372,992.13,990.41,0.2195,600,1001.6311,1001.87,1001.30,0.0920,600,1.0123,1.18,0.97,0.0344,600,1.734474,1.8346,1.6305,0.038289,600,1.723134,1.8218,1.6190,0.036198,600,0.5892744,0.58948,0.58894,0.0001267,600,0.803957,0.8057,0.8023,0.000640,600,0.5885233,0.58904,0.58803,0.0002412,600,0.775349,0.7795,0.7721,0.001714,600,2.034464,2.0393,2.0323,0.000900,600,1.734592,1.8426,1.6190,0.037375,600,1.722541,1.8628,1.6029,0.040062,600,2.078309,2.0793,2.0769,0.000377,600,0.0006327,0.00074,0.00060,0.0000215,600,13.80,18,11,1.71,600,13.91,18,10,1.72,600,13.26,18,11,1.44,600,12.91,17,10,1.47,600,12.50,17,9,1.34,600,11.50,15,7,1.53,600,10.06,15,6,1.61,600,6.90,13,0,1.87,600,12.9575,13.03,12.89,22.05,28,20,29.05,356030

[System]
serial=G243136
type=Meteo-42L
name=Sonepur 8105
timezone=UTC+05:30
source_data_storage_total=1960.512 MiB
software_version=2.3.15+5
latitude=
longitude=
gps_fix=
altitude=
cecs_power_permanent=false
modem_permanent=false;S1
ethernet_permanent=true;none
[Summary]
csv_created=2026-07-08 00:12:40
source_data_storage_used=173.918 MiB
metering_wwan0=0/0 bytes
metering_usb0=0/0 bytes
metering_eth0=164084754/175303386 bytes
Solar Sensor;solar_irradiance;total=18512669.021
S1;status;total=25220.000
S2;status;total=0.000
S3;status;total=0.000
S4;status;total=0.000
S5;status;total=0.000
S6;status;total=0.000
S7;status;total=0.000
S8;status;total=0.000
[Evaluation]
partial=false
file_interval=daily
stat_interval=10 min
[Adjustment]
CS1=200.19 μA
VS1=5003 mV
[C1_Anem NRG 135 Deg-150m;wind_speed]
statistics=Avg;Max;Min;StdDev;Count;
unit=m/s
sensor_label=C1_Anem NRG 135 Deg-150m
sensor_height=150
sensor_type=anemometer
sensor_model=Anemometer NRG 40
sensor_serial=179500405924
formula=linear_cnt
params=C1;var_period;var_offset;var_slope;var_minimal_value
var_period=1
var_offset=0.30955
var_slope=0.76144
var_minimal_value=0.30955
[C2_Anem NRG 315 Deg-150m;wind_speed]
statistics=Avg;Max;Min;StdDev;Count;
unit=m/s
sensor_label=C2_Anem NRG 315 Deg-150m
sensor_height=150
sensor_type=anemometer
sensor_model=Anemometer NRG 40
sensor_serial=179500405939
formula=linear_cnt
params=C2;var_period;var_offset;var_slope;var_minimal_value
var_period=1
var_offset=0.34562
var_slope=0.75863
var_minimal_value=0.34562
[C3_Anem NRG 135 Deg-120m;wind_speed]
statistics=Avg;Max;Min;StdDev;Count;
unit=m/s
sensor_label=C3_Anem NRG 135 Deg-120m
sensor_height=120
sensor_type=anemometer
sensor_model=Anemometer NRG 40
sensor_serial=179500405944
formula=linear_cnt
params=C3;var_period;var_offset;var_slope;var_minimal_value
var_period=1
var_offset=0.37009
var_slope=0.75927
var_minimal_value=0.37009
[C4_Anem NRG 135 Deg-100m;wind_speed]
statistics=Avg;Max;Min;StdDev;Count;
unit=m/s
sensor_label=C4_Anem NRG 135 Deg-100m
sensor_height=100
sensor_type=anemometer
sensor_model=Anemometer NRG 40
sensor_serial=179500405948
formula=linear_cnt
params=C4;var_period;var_offset;var_slope;var_minimal_value
var_period=1
var_offset=0.31437
var_slope=0.76287
var_minimal_value=0.31437
[C5_Anem NRG 135 Deg-80m;wind_speed]
statistics=Avg;Max;Min;StdDev;Count;
unit=m/s
sensor_label=C5_Anem NRG 135 Deg-80m
sensor_height=80
sensor_type=anemometer
sensor_model=Anemometer NRG 40
sensor_serial=179500405775
formula=linear_cnt
params=C5;var_period;var_offset;var_slope;var_minimal_value
var_period=1
var_offset=0.33279
var_slope=0.76243
var_minimal_value=0.33279
[C6_Anem NRG 135 Deg-50m;wind_speed]
statistics=Avg;Max;Min;StdDev;Count;
unit=m/s
sensor_label=C6_Anem NRG 135 Deg-50m
sensor_height=50
sensor_type=anemometer
sensor_model=Anemometer NRG 40
sensor_serial=179500405999
formula=linear_cnt
params=C6;var_period;var_offset;var_slope;var_minimal_value
var_period=1
var_offset=0.40246
var_slope=0.75756
var_minimal_value=0.40246
[Label -C7_Anem NRG 135 Deg-30m;wind_speed]
statistics=Avg;Max;Min;StdDev;Count;
unit=m/s
sensor_label=Label -C7_Anem NRG 135 Deg-30m
sensor_height=30
sensor_type=anemometer
sensor_model=Anemometer NRG 40
sensor_serial=179500406035
formula=linear_cnt
params=C7;var_period;var_offset;var_slope;var_minimal_value
var_period=1
var_offset=0.36131
var_slope=0.75839
var_minimal_value=0.36131
[Label -C8_Anem NRG 135 Deg-10m;wind_speed]
statistics=Avg;Max;Min;StdDev;Count;
unit=m/s
sensor_label=Label -C8_Anem NRG 135 Deg-10m
sensor_height=10
sensor_type=anemometer
sensor_model=Anemometer NRG 40
sensor_serial=179500406047
formula=linear_cnt
params=C8;var_period;var_offset;var_slope;var_minimal_value
var_period=1
var_offset=0.44166
var_slope=0.75496
var_minimal_value=0.44166
[A1_Wind Vane 315 Deg -146m;wind_direction]
statistics=Avg;StdDev;Count;
unit=°
sensor_label=A1_Wind Vane 315 Deg -146m
sensor_height=146
sensor_type=wind_vane
sensor_model=Wind Vane NRG 200M
sensor_serial=1007000054754
formula=windvane_voltage_slope
params=A1;var_offset;var_slope;var_offset_installation
var_offset=-0.7308
var_slope=147.8291
var_offset_installation=315
[A2_Wind Vane 315 Deg-118m;wind_direction]
statistics=Avg;StdDev;Count;
unit=°
sensor_label=A2_Wind Vane 315 Deg-118m
sensor_height=118
sensor_type=wind_vane
sensor_model=Wind Vane NRG 200M
sensor_serial=1007000054762
formula=windvane_voltage_slope
params=A2;var_offset;var_slope;var_offset_installation
var_offset=-1.3724
var_slope=148.0517
var_offset_installation=315
[Wind vane 315Deg -98m;wind_direction]
statistics=Avg;StdDev;Count;
unit=°
sensor_label=Wind vane 315Deg -98m
sensor_height=98
sensor_type=wind_vane
sensor_model=Wind Vane NRG 200M
sensor_serial=1007000054773
formula=windvane_voltage_slope
params=A8;var_offset;var_slope;var_offset_installation
var_offset=-0.5560
var_slope=147.4500
var_offset_installation=315
[A9Wind Vane315 Deg-48m;wind_direction]
statistics=Avg;StdDev;Count;
unit=°
sensor_label=A9Wind Vane315 Deg-48m
sensor_height=48
sensor_type=wind_vane
sensor_model=Wind Vane NRG 200M
sensor_serial=1007000054779
formula=windvane_voltage_slope
params=A9;var_offset;var_slope;var_offset_installation
var_offset=-1.1597
var_slope=147.8857
var_offset_installation=315
[A3.A4_Temp.A and Humidity # Galltec-120m;humidity]
statistics=Avg;Max;Min;StdDev;Count;
unit=%
sensor_label=A3.A4_Temp.A and Humidity # Galltec-120m
sensor_height=120
sensor_type=hygro_thermo
sensor_model=Temperature Humidity sensor Galltec active KPC T/H
sensor_serial=307756
formula=linear_humidity
params=A4;var_clip;var_offset;var_slope
var_clip=100
var_offset=0
var_slope=100
[A5.A6_Temp.B and Humidity # Galltec-10m;humidity]
statistics=Avg;Max;Min;StdDev;Count;
unit=%
sensor_label=A5.A6_Temp.B and Humidity # Galltec-10m
sensor_height=10
sensor_type=hygro_thermo
sensor_model=Temperature Humidity sensor Galltec active KPC T/H
sensor_serial=307752
formula=linear_humidity
params=A6;var_clip;var_offset;var_slope
var_clip=100
var_offset=0
var_slope=100
[A3.A4_Temp.A and Humidity # Galltec-120m;temperature]
statistics=Avg;Max;Min;StdDev;Count;
unit=°C
sensor_label=A3.A4_Temp.A and Humidity # Galltec-120m
sensor_height=120
sensor_type=hygro_thermo
sensor_model=Temperature Humidity sensor Galltec active KPC T/H
sensor_serial=307756
formula=linear
params=A3;var_offset;var_slope
var_offset=-30
var_slope=100
[A5.A6_Temp.B and Humidity # Galltec-10m;temperature]
statistics=Avg;Max;Min;StdDev;Count;
unit=°C
sensor_label=A5.A6_Temp.B and Humidity # Galltec-10m
sensor_height=10
sensor_type=hygro_thermo
sensor_model=Temperature Humidity sensor Galltec active KPC T/H
sensor_serial=307752
formula=linear
params=A5;var_offset;var_slope
var_offset=-30
var_slope=100
[A7_NRG #BP65-120m;air_pressure]
statistics=Avg;Max;Min;StdDev;Count;
unit=hPa
sensor_label=A7_NRG #BP65-120m
sensor_height=120
sensor_type=barometer
sensor_model=Air Pressure Sensor NRG #BP65
sensor_serial=9453006087
formula=linear
params=A7;var_offset;var_slope
var_offset=494.73295
var_slope=243.89926
[A10 NRG BP65 Barometer10m;air_pressure]
statistics=Avg;Max;Min;StdDev;Count;
unit=hPa
sensor_label=A10 NRG BP65 Barometer10m
sensor_height=10
sensor_type=barometer
sensor_model=Air Pressure Sensor NRG #BP65
sensor_serial=9453006088
formula=linear
params=A10;var_offset;var_slope
var_offset=494.73295
var_slope=243.89926
[Solar Sensor;solar_irradiance]
statistics=Avg;Max;Min;StdDev;Count;
unit=W/m²
sensor_label=Solar Sensor
sensor_height=0.0
sensor_type=pyranometer
sensor_model=Pyranometer Kipp & Zonen SMP10 0-1V
formula=linear_pyr_offset
params=A11;var_offset;var_slope
var_offset=0
var_slope=1600
[A1]
statistics=Avg;Max;Min;StdDev;Count;
unit=V
rate=1 s
range=10 V
[A2]
statistics=Avg;Max;Min;StdDev;Count;
unit=V
rate=1 s
range=10 V
[A3]
statistics=Avg;Max;Min;StdDev;Count;
unit=V
rate=1 s
range=1 V
[A4]
statistics=Avg;Max;Min;StdDev;Count;
unit=V
rate=1 s
range=10 V
[A5]
statistics=Avg;Max;Min;StdDev;Count;
unit=V
rate=1 s
range=1 V
[A6]
statistics=Avg;Max;Min;StdDev;Count;
unit=V
rate=1 s
range=10 V
[A7]
statistics=Avg;Max;Min;StdDev;Count;
unit=V
rate=1 s
range=10 V
[A8]
statistics=Avg;Max;Min;StdDev;Count;
unit=V
rate=1 s
range=10 V
[A9]
statistics=Avg;Max;Min;StdDev;Count;
unit=V
rate=1 s
range=10 V
[A10]
statistics=Avg;Max;Min;StdDev;Count;
unit=V
rate=1 s
range=10 V
[A11]
statistics=Avg;Max;Min;StdDev;Count;
unit=V
rate=1 s
range=1 V
[C1]
statistics=Avg;Max;Min;StdDev;Count;
unit=I
rate=1 s
[C2]
statistics=Avg;Max;Min;StdDev;Count;
unit=I
rate=1 s
[C3]
statistics=Avg;Max;Min;StdDev;Count;
unit=I
rate=1 s
[C4]
statistics=Avg;Max;Min;StdDev;Count;
unit=I
rate=1 s
[C5]
statistics=Avg;Max;Min;StdDev;Count;
unit=I
rate=1 s
[C6]
statistics=Avg;Max;Min;StdDev;Count;
unit=I
rate=1 s
[C7]
statistics=Avg;Max;Min;StdDev;Count;
unit=I
rate=1 s
[C8]
statistics=Avg;Max;Min;StdDev;Count;
unit=I
rate=1 s
[S1;status]
statistics=
rate=1 s
[S2;status]
statistics=
rate=1 s
[S3;status]
statistics=
rate=1 s
[S4;status]
statistics=
rate=1 s
[S5;status]
statistics=
rate=1 s
[S6;status]
statistics=
rate=1 s
[S7;status]
statistics=
rate=1 s
[S8;status]
statistics=
rate=1 s
[V]
statistics=Avg;Max;Min;
unit=V
[I]
statistics=Avg;Max;Min;
unit=mA
[T]
statistics=Avg;
unit=°C
